"00 degrees 05 minutes south,<br>01 degrees 13 minutes east","00.05S,<br>01.13E",None.,No,https://oldschool.runescape.wiki/images/a/ae/Coordinate_clue_00.05S_01.13E.png,https://oldschool.runescape.wiki/images/0/0b/00.05S_01.13E_map.png,"West of the Tree Gnome Village, almost directly south of the fruit tree patch. On the east side of the river from the Observatory."
"00 degrees 13 minutes south,<br>13 degrees 58 minutes east","00.13S,<br>13.58E",None.,No,https://oldschool.runescape.wiki/images/c/c3/Coordinate_clue_00.13S_13.58E.png,https://oldschool.runescape.wiki/images/c/c0/00.13S_13.58E_map.png,"On Karamja, west of the general store in the free-to-play section of the island, in the middle of the two small lakes. Close to Amulet of glory teleport."
"00 degrees 18 minutes south,<br>09 degrees 28 minutes east","00.18S,<br>09.28E",None.,No,https://oldschool.runescape.wiki/images/9/93/Coordinate_clue_00.18S_09.28E.png,https://oldschool.runescape.wiki/images/5/5b/00.18S_09.28E_map.png,South-west of Brimhaven at the gold mine near the entrance to the Brimhaven Dungeon. Dig one space south of the gold rock in front of the dungeon door.
"00 degrees 20 minutes south,<br>23 degrees 15 minutes east","00.20S,<br>23.15E",None.,No,https://oldschool.runescape.wiki/images/1/1f/Coordinate_clue_00.20S_23.15E.png,https://oldschool.runescape.wiki/images/e/ef/00.20S_23.15E_map.png,South of the Water altar ruins.
"00 degrees 30 minutes north,<br>24 degrees 16 minutes east","00.30N,<br>24.16E",None.,No,https://oldschool.runescape.wiki/images/2/2a/Coordinate_clue_00.30N_24.16E.png,https://oldschool.runescape.wiki/images/b/b1/00.30N_24.16E_map.png,North-east of the Zanaris shed entrance located in the Lumbridge Swamp.
"00 degrees 31 minutes south,<br>17 degrees 43 minutes east","00.31S,<br>17.43E",None.,No,https://oldschool.runescape.wiki/images/6/6c/Coordinate_clue_00.31S_17.43E.png,https://oldschool.runescape.wiki/images/6/66/00.31S_17.43E_map.png,"South of Port Sarim, just south of the ladder to the Asgarnian Ice Dungeon, on the edge of the cliff. Close to fairy ring aiq."
"01 degrees 18 minutes south,<br>14 degrees 15 minutes east","01.18S,<br>14.15E",None.,No,https://oldschool.runescape.wiki/images/b/b7/Coordinate_clue_01.18S_14.15E.png,https://oldschool.runescape.wiki/images/6/6e/01.18S_14.15E_map.png,"Across the water from Musa Point, on the western seaweed spawn next to the river. Tiadeche from the Tai Bwo Wannai Trio quest can be found to the east. Use fairy ring code dkp or the gnome glider transport to Karamja."
"01 degrees 26 minutes north,<br>08 degrees 01 minutes east","01.26N,<br>08.01E",10,No,https://oldschool.runescape.wiki/images/b/b3/Coordinate_clue_01.26N_08.01E.png,https://oldschool.runescape.wiki/images/7/73/01.26N_08.01E_map.png,In the centre of Moss Giant Island west of Brimhaven. The island can be found by swinging on the rope swings west of Brimhaven.
"01 degrees 35 minutes south,<br>07 degrees 28 minutes east","01.35S,<br>07.28E",None.,No,https://oldschool.runescape.wiki/images/6/6a/Coordinate_clue_01.35S_07.28E.png,https://oldschool.runescape.wiki/images/2/22/01.35S_07.28E_map.png,"On the penisula to Hazelmere's house, directly east of Yanille. Use the fairy ring code cls and run north. Dig between a boulder, a leafy tree, and a creeping plant."
"02 degrees 16 minutes north,<br>12 degrees 07 minutes east","02.16N,<br>12.07E",Partial completion of Dragon Slayer,No,https://oldschool.runescape.wiki/images/a/af/Coordinate_clue_02.16N_12.07E.png,https://oldschool.runescape.wiki/images/6/62/02.16N_12.07E_map.png,Southern coast of Crandor.
"02 degrees 43 minutes south,<br>33 degrees 26 minutes east","02.43S,<br>33.26E",None.,No,https://oldschool.runescape.wiki/images/0/04/Coordinate_clue_02.43S_33.26E.png,https://oldschool.runescape.wiki/images/9/9f/02.43S_33.26E_map.png,Directly north of the teak tree south-east of Uzer. Can be reached relatively easily via fairy ring dlq in Nardah by running north and then east following the map border.
"02 degrees 48 minutes north,<br>22 degrees 30 minutes east","02.48N,<br>22.30E",None.,No,https://oldschool.runescape.wiki/images/3/3f/Coordinate_clue_02.48N_22.30E.png,https://oldschool.runescape.wiki/images/5/56/02.48N_22.30E_map.png,"Just west of the trapdoor leading to the H.A.M. Hideout, dig 2 spaces east and 1 south of the nearest tree to the building."
"02 degrees 50 minutes north,<br>06 degrees 20 minutes east","02.50N,<br>06.20E",None.,No,https://oldschool.runescape.wiki/images/b/ba/Coordinate_clue_02.50N_06.20E.png,https://oldschool.runescape.wiki/images/b/ba/02.50N_06.20E_map.png,"South of Ardougne Zoo, on a small cape. Can be reached easily via djp next to the Tower of Life."
"03 degrees 07 minutes south,<br>03 degrees 41 minutes west","03.07S,<br>03.41W",None.,No,https://oldschool.runescape.wiki/images/a/a1/Coordinate_clue_03.07S_03.41W.png,https://oldschool.runescape.wiki/images/c/cb/03.07S_03.41W_map.png,"Just south-west of Castle Wars, fairy ring code bkp."
"03 degrees 35 minutes south,<br>13 degrees 35 minutes east","03.35S,<br>13.35E",None.,No,https://oldschool.runescape.wiki/images/b/b9/Coordinate_clue_03.35S_13.35E.png,https://oldschool.runescape.wiki/images/5/53/03.35S_13.35E_map.png,"On Karamja, north of the nature altar."
"04 degrees 00 minutes south,<br>12 degrees 46 minutes east","04.00S,<br>12.46E",None.,No,https://oldschool.runescape.wiki/images/7/71/Coordinate_clue_04.00S_12.46E.png,https://oldschool.runescape.wiki/images/f/f7/04.00S_12.46E_map.png,"In the centre of the mine, north of Shilo Village. This is not the gem rock mine, but rather the one just north-west of the nature altar, where you find volencia moss during the Jungle Potion quest. Dig two spaces north-west of a mithril rock. You can use fairy ring code ckr and run north."
"04 degrees 13 minutes north,<br>12 degrees 45 minutes east","04.13N,<br>12.45E",Partial completion of Dragon Slayer,No,https://oldschool.runescape.wiki/images/3/33/Coordinate_clue_04.13N_12.45E.png,https://oldschool.runescape.wiki/images/7/76/04.13N_12.45E_map.png,North side of Crandor. King Scorpions can be aggressive to low levelled players.
"05 degrees 20 minutes south,<br>04 degrees 28 minutes east","05.20S,<br>04.28E",None.,No,https://oldschool.runescape.wiki/images/b/bf/Coordinate_clue_05.20S_04.28E.png,https://oldschool.runescape.wiki/images/1/1a/05.20S_04.28E_map.png,"Feldip Hills, south-east of Gu'Tanoth and north of fairy ring code aks."
"05 degrees 43 minutes north,<br>23 degrees 05 minutes east","05.43N,<br>23.05E",None.,No,https://oldschool.runescape.wiki/images/8/8d/Coordinate_clue_05.43N_23.05E.png,https://oldschool.runescape.wiki/images/5/57/05.43N_23.05E_map.png,"Just south of the Champions' Guild, opposite side of the River Lum in Lumbridge"
"06 degrees 31 minutes north,<br>01 degrees 46 minutes west","06.31N,<br>01.46W",None.,No,https://oldschool.runescape.wiki/images/1/19/Coordinate_clue_06.31N_01.46W.png,https://oldschool.runescape.wiki/images/9/93/06.31N_01.46W_map.png,"Travel south-west of the Tree Gnome Stronghold, and you will come across three ponds. Dig in between the two eastern ponds. Easily reached by teleporting with the Necklace of passage by teleporting to the Outpost."
"06 degrees 41 minutes north,<br>27 degrees 15 minutes east","06.41N,<br>27.15E",None.,No,https://oldschool.runescape.wiki/images/1/19/Coordinate_clue_06.41N_27.15E.png,https://oldschool.runescape.wiki/images/6/67/06.41N_27.15E_map.png,Dig on the hill north-west of the Exam Centre.
"06 degrees 58 minutes north,<br>21 degrees 16 minutes east","06.58N,<br>21.16E",None.,No,https://oldschool.runescape.wiki/images/0/02/Coordinate_clue_06.58N_21.16E.png,https://oldschool.runescape.wiki/images/7/79/06.58N_21.16E_map.png,"Located at the north-east fence outside of Draynor Manor, on the southern side of the River Lum."
"07 degrees 05 minutes north,<br>30 degrees 56 minutes east","07.05N,<br>30.56E",Priest in Peril (to enter Canifis),No,https://oldschool.runescape.wiki/images/e/eb/Coordinate_clue_07.05N_30.56E.png,https://oldschool.runescape.wiki/images/e/ed/07.05N_30.56E_map.png,"In Mort Myre Swamp, north of the Nature Grotto. Next pond south of the two most western fishing spots. Dig west of a rotting swamp tree. Note that there are ghasts in the swamp, so be sure to bring some druid pouches. One can use fairy ring bkr and run south-west."
"07 degrees 33 minutes north,<br>15 degrees 00 minutes east","07.33N,<br>15.00E",None.,No,https://oldschool.runescape.wiki/images/7/7c/Coordinate_clue_07.33N_15.00E.png,https://oldschool.runescape.wiki/images/0/09/07.33N_15.00E_map.png,"South-east of Taverley, on the peninsula where the Lady of the Lake wanders around. Dig north of the non-examinable bush on the western part of the peninsula."
"08 degrees 11 minutes south,<br>04 degrees 48 minutes east","08.11S,<br>04.48E",Spade,No,https://oldschool.runescape.wiki/images/8/8f/Coordinate_clue_08.11S_15.48E.png,https://oldschool.runescape.wiki/images/5/5f/08.11S_15.48E_map.png,"South-east edge of Feldip Hills, by the crimson swifts. South-east of fairy ring aks."
"08 degrees 33 minutes north,<br>01 degrees 39 minutes west","08.33N,<br>01.39W",None.,No,https://oldschool.runescape.wiki/images/0/0b/Coordinate_clue_08.33N_01.39W.png,https://oldschool.runescape.wiki/images/2/22/08.33N_01.39W_map.png,"At Tree Gnome Stronghold, in the south-western section there is a bridge, and a pen containing terrorbirds. Open the gate in the east of the pen and go to the edge of the river as far east as possible and dig there."
"09 degrees 33 minutes north,<br>02 degrees 15 minutes east","09.33N,<br>02.15E",Started Waterfall Quest<br><br>Rope,No,https://oldschool.runescape.wiki/images/c/c9/Coordinate_clue_09.33N_02.15E.png,https://oldschool.runescape.wiki/images/6/6d/09.33N_02.15E_map.png,"Go to the Baxtorian Falls, board the log raft, use a rope with the rock to get to the second island with the dead tree. Dig north of the dead tree."
"09 degrees 35 minutes north,<br>01 degrees 50 minutes west","09.35N,<br>01.50W",None.,No,https://oldschool.runescape.wiki/images/5/58/Coordinate_Clue_09.35N_01.50W.png,https://oldschool.runescape.wiki/images/b/bd/09.35N_01.50W_map.png,This is on the west side of the river in the Gnome Stronghold. Walk north of the terrorbird pen and dig right above the rock.
"09 degrees 48 minutes north,<br>17 degrees 39 minutes east","09.48N,<br>17.39E",None.,No,https://oldschool.runescape.wiki/images/b/b4/Coordinate_clue_09.48N_17.39E.png,https://oldschool.runescape.wiki/images/5/54/09.48N_17.39E_map.png,"Ice Mountain, located north of Barbarian Village."
"10 degrees 45 minutes north,<br>04 degrees 31 minutes east","10.45N,<br>04.31E",Recommended:<br><br>20 Agility for Shortcut,No,https://oldschool.runescape.wiki/images/6/6d/Coordinate_clue_10.45N_04.31E.png,https://oldschool.runescape.wiki/images/1/14/10.45N_04.31E_map.png,By the shore line north of the Coal Trucks.
"11 degrees 03 minutes north,<br>31 degrees 20 minutes east","11.03N,<br>31.20E",Completion of Priest in Peril,No,https://oldschool.runescape.wiki/images/e/eb/Coordinate_clue_11.03N_31.20E.png,https://oldschool.runescape.wiki/images/0/0c/11.03N_31.20E_map.png,South of the big roots that are found east of the path to the Slayer Tower. North of the fairy ring code cks.
"11 degrees 05 minutes north,<br>00 degrees 45 minutes west","11.05N,<br>00.45W",None.,No,https://oldschool.runescape.wiki/images/6/6f/Coordinate_clue_11.05N_00.45W.png,https://oldschool.runescape.wiki/images/4/4e/11.05N_00.45W_map.png,"In the swamp located in the north-west corner of the Tree Gnome Stronghold, west of the Grand Tree, directly south of the tortoise pen."
"11 degrees 18 minutes north,<br>30 degrees 54 minutes east","11.18N,<br>30.54E",Completion of Priest in Peril.,No,https://oldschool.runescape.wiki/images/3/3e/Coordinate_clue_11.18N_30.54E.png,https://oldschool.runescape.wiki/images/1/10/11.18N_30.54E_map.png,"On the path to the Slayer Tower, just before the entrance. Easily reached by teleporting with fairy ring code cks."
"11 degrees 33 minutes north,<br>02 degrees 24 minutes west","11.33N,<br>02.24W",None.,No,https://oldschool.runescape.wiki/images/0/0c/Coordinate_clue_11.33N_02.24W.png,https://oldschool.runescape.wiki/images/0/04/11.33N_02.24W_map.png,North-east of Eagles' Peak. Dig on the eastern side of the fence just slightly south of the coniferous tree. Easily reached by teleporting with the fairy rings with code akq.
"11 degrees 41 minutes north,<br>14 degrees 58 minutes east","11.41N,<br>14.58E",None.,No,https://oldschool.runescape.wiki/images/b/b4/Coordinate_clue_11.41N_14.58E.png,https://oldschool.runescape.wiki/images/1/19/11.41N_14.58E_map.png,Immediately north of a table in Burthorpe located east of the pub and west of Turael's house.
"12 degrees 28 minutes north,<br>34 degrees 37 minutes east","12.28N,<br>34.37E",Priest in Peril,No,https://oldschool.runescape.wiki/images/7/72/Coordinate_clue_12.28N_34.37E.png,https://oldschool.runescape.wiki/images/5/58/12.28N_34.37E_map.png,In the castle grounds of Fenkenstrain's Castle in Morytania. Dig two steps north of the northernmost door.
"14 degrees 20 minutes north,<br>30 degrees 45 minutes west","14.20N,<br>30.45W",None.,No,https://oldschool.runescape.wiki/images/8/80/Coordinate_clue_14.20N_30.45W.png,https://oldschool.runescape.wiki/images/3/34/14.20N_30.45W_map.png,Dig in the graveyard just east of the hill giants west of the Shayzien bank. Easily reached by teleporting with the fairy rings with code djr.
"14 degrees 54 minutes north,<br>9 degrees 13 minutes east","14.54N,<br>9.13E",None.,No,https://oldschool.runescape.wiki/images/c/c9/Coordinate_clue_14.54N_09.13E.png,https://oldschool.runescape.wiki/images/4/4d/14.54N_09.13E_map.png,"Two paces west of the Swaying tree, located east of Rellekka. Easily reached by using the fairy ring code ajr."
"15 degrees 22 minutes north,<br>07 degrees 31 minutes east","15.22N,<br>07.31E",None.,No,https://oldschool.runescape.wiki/images/4/43/Coordinate_clue_15.22N_07.31E.png,https://oldschool.runescape.wiki/images/a/ac/15.22N_07.31E_map.png,"In Pontak's garden in south-eastern Rellekka, between the cabbages and the potatoes. Easily reached by teleporting with the lyre or Fremennik sea boots."
"17 degrees 39 minutes north,<br>37 degrees 16 minutes west","17.39N,<br>37.16W",45 Farming,No,https://oldschool.runescape.wiki/images/0/05/Coordinate_clue_17.39N_37.16W.png,https://oldschool.runescape.wiki/images/6/64/17.39N_37.16W_map.png,"Inside the Farming Guild, close to the entrance. Dig next to the western patch of marigolds."
"22 degrees 30 minutes north,<br>03 degrees 01 minutes east","22.30N,<br>03.01E",Completion of the Fremennik Trials quest,No,https://oldschool.runescape.wiki/images/c/ce/Coordinate_clue_22.30N_03.01E.png,https://oldschool.runescape.wiki/images/0/03/22.30N_03.01E_map.png,At the end of the path leading to the mining area on Miscellania. Accessible via fairy ring code cip or teleporting with the Ring of wealth (if you have completed Throne of Miscellania).
"23 degrees 01 minutes north,<br>41 degrees 33 minutes east","23.01N,<br>41.33E",Completion of Bone Voyage,No,https://oldschool.runescape.wiki/images/9/9a/Coordinate_clue_23.01N_41.33E.png,https://oldschool.runescape.wiki/images/f/f6/23.01N_41.33E_map.png,On the small island reachable by a small boat at the north-east end of the Mushroom Forest.
"00 degrees 00 minutes north,<br>07 degrees 13 minutes west","00.00N,<br>07.13W",Regicide,Saradomin wizard,https://oldschool.runescape.wiki/images/f/fa/Coordinate_clue_00.00N_07.13W.png,https://oldschool.runescape.wiki/images/b/bf/00.00N_07.13W_map.png,"In Tirannwn, dig by the western spawn point of the roving elves south-east of the catapult, near the Tyras Camp. Watch out for the stick trap. Port Tyras is accessible via the charter network if the player wishes to avoid walking long distances.<br><br>From Tyras Camp: go north past the dense forest, walk a few steps east and go south past the stick traps. Also can use fairy ring bjs and run north to Tyras Camp (requires  76 ).<br><br>From Lletya: go out of the city, past the trip wire, south over the leaf trap, past the Elf Tracker, west through the dense forest, over a second trip wire, north through another dense forest, then west and south past the stick trap."
"01 degrees 24 minutes north,<br>08 degrees 05 minutes west","01.24N,<br>08.05W",Regicide,Saradomin wizard,https://oldschool.runescape.wiki/images/d/d9/Coordinate_clue_01.24N_08.05W.png,https://oldschool.runescape.wiki/images/8/85/01.24N_08.05W_map.png,"In the hunter area directly south of the Iorwerth Camp, past a stick trap, dig by the north-east edge of the pond. An Iorwerth camp teleport can greatly reduce the difficulty in reaching this position.<br><br>From Lletya: Pass the tree, go west across the tripwire, continue west through the dense forest. Turn north and up the path to Prifddinas. Before the bridge and the water, head west through the dense forest. Then, keep going west past the leaves pitfall trap, then south-west past a stick trap.<br><br>From Port Tyras: Go north through dense forest then east; go south through dense forest; step over tripwire; go east through the dense forest then north-west for quite a while; jump over the leaves. Finally, continue west till you arrive at an elven lamp next to mushroms. Head south down the small path to the pond. Pass the stick trap and dig by the north-east edge of the pond.<br><br>This clue can be frustrating due to the frequency of activating the stick traps, which deal significant amounts of damage. There is a better success rate of passing the trap by turning off run and walking past the trap.<br><br>It's recommended to follow this map in order to not get lost."
"01 degrees 30 minutes north,<br>20 degrees 01 minutes east","01.30N,<br>20.01E",Partial completion of Fairytale II - Cure a Queen<br>Either a dramen or lunar staff,Saradomin wizard,https://oldschool.runescape.wiki/images/4/4a/Coordinate_clue_01.30N_20.01E.png,https://oldschool.runescape.wiki/images/d/d2/01.30N_20.01E_map.png,Located on a small island that can only be accessed via fairy ring code clp.
"02 degrees 39 minutes north,<br>29 degrees 58 minutes east","02.39N,<br>29.58E",None.,No,https://oldschool.runescape.wiki/images/0/06/Coordinate_clue_02.39N_29.58E.png,https://oldschool.runescape.wiki/images/7/70/02.39N_29.58E_map.png,Eastern side of the Duel Arena.
"02 degrees 48 minutes north,<br>08 degrees 05 minutes east","02.48N,<br>08.05E",Partial completion of Fairytale II - Cure a Queen<br>Either a dramen or lunar staff,Saradomin wizard,https://oldschool.runescape.wiki/images/c/c5/Coordinate_clue_02.48N_08.05E.png,https://oldschool.runescape.wiki/images/1/1b/02.48N_08.05E_map.png,"Little island, fairy ring code air."
"02 degrees 48 minutes north,<br>34 degrees 33 minutes east","02.48N,<br>34.33E",Started In Aid of the Myreque,Saradomin wizard,https://oldschool.runescape.wiki/images/9/95/Coordinate_clue_02.48N_34.33E.png,https://oldschool.runescape.wiki/images/a/a7/02.48N_34.33E_map.png,Dig 4 steps south of the pile of bricks east of the broken wall. Teleporting with the Morytania legs is the quickest way.
"02 degrees 58 minutes north,<br>34 degrees 30 minutes east","02.58N,<br>34.30E",Started In Aid of the Myreque,Saradomin wizard,https://oldschool.runescape.wiki/images/7/74/Coordinate_clue_02.58N_34.30E.png,https://oldschool.runescape.wiki/images/9/98/02.58N_34.30E_map.png,N/A
"03 degrees 18 minutes north,<br>12 degrees 31 minutes east","03.18N,<br>12.31E",Partial completion of Dragon Slayer,Saradomin wizard,https://oldschool.runescape.wiki/images/6/6d/Coordinate_clue_03.18N_12.31E.png,https://oldschool.runescape.wiki/images/4/44/03.18N_12.31E_map.png,"Crandor, centre of the island."
"03 degrees 45 minutes south,<br>22 degrees 45 minutes east","03.45S,<br>22.45E",None.,Saradomin wizard,https://oldschool.runescape.wiki/images/3/32/Coordinate_clue_03.45S_22.45E.png,https://oldschool.runescape.wiki/images/8/88/03.45S_22.45E_map.png,"In the Bedabin Camp in the Kharidian Desert, just south-west of the Shantay Pass. Dig north side of the watering hole."
"04 degrees 03 minutes south,<br>03 degrees 11 minutes east","04.03S,<br>03.11E","Started Watchtower<br><br>20 coins if Watchtower has not been completed, or if you have used the bridge to cross back[1]",Saradomin wizard,https://oldschool.runescape.wiki/images/8/84/Coordinate_clue_04.03S_03.11E.png,https://oldschool.runescape.wiki/images/1/1f/04.03S_03.11E_map.png,"In Gu'Tanoth. You must have started the Watchtower quest to gain access. After crossing the fourth bridge, stand near the tree there and dig. You need 20gp to pay the guard to cross the bridge if Watchtower has not been completed, or if you have used the bridge to cross back.[1]"
"04 degrees 05 minutes south,<br>04 degrees 24 minutes east","04.05S,<br>04.24E",None.,Saradomin wizard,https://oldschool.runescape.wiki/images/6/69/Coordinate_clue_04.05S_04.24E.png,https://oldschool.runescape.wiki/images/b/b6/04.05S_04.24E_map.png,"On the island where Gorad is located. From Castle Wars, go south-west around Jiggig then south-east along the coast. At the south-western side of Gu'Tanoth is a cave; enter this cave, and you will end up on the island. Note that you do not need a skavid map to enter this cave. Dig on the east side of the island, near a spear wall. Alternately, you can use the Feldip Hills gnome glider or fairy ring code aks and run north-west."
"04 degrees 16 minutes south,<br>16 degrees 16 minutes east","04.16S,<br>16.16E",Partial completion of The Grand Tree,Saradomin wizard,https://oldschool.runescape.wiki/images/1/1d/Coordinate_clue_04.16S_16.16E.png,https://oldschool.runescape.wiki/images/2/26/04.16S_16.16E_map.png,"Outside the east wall of the Ship yard building with G.L.O. Caranock, use the gnome glider and dig directly by the window. It may also be faster to get there by using fairy ring (dkp)."
"04 degrees 41 minutes north,<br>03 degrees 09 minutes west","04.41N,<br>03.09W",Start of Regicide,Saradomin wizard,https://oldschool.runescape.wiki/images/a/a4/Coordinate_clue_04.41N_03.09W.png,https://oldschool.runescape.wiki/images/6/6d/04.41N_03.09W_map.png,Located near the Red spiders' eggs on the Arandar mountain pass leading to Tirannwn. The Outpost teleport on necklace of passage for close access.
"05 degrees 37 minutes north,<br>31 degrees 15 minutes east","05.37N,<br>31.15E",None.,Saradomin wizard,https://oldschool.runescape.wiki/images/c/c8/Coordinate_clue_05.37N_31.15E.png,https://oldschool.runescape.wiki/images/4/42/05.37N_31.15E_map.png,"In Mort Myre Swamp, over Nature Spirit's grotto, dig to the north of the grotto tree. Druid pouches are strongly recommended as ghasts may rot your food. (Fairy ring bip)"
"05 degrees 50 minutes south,<br>10 degrees 05 minutes east","05.50S,<br>10.05E",15,Saradomin wizard,https://oldschool.runescape.wiki/images/4/40/Coordinate_clue_05.50S_10.05E.png,https://oldschool.runescape.wiki/images/2/20/05.50S_10.05E_map.png,"On Cairn Isle, Karamja. Fairy ring code ckr is very close; area is south-west of the fairy ring). Dig in the centre of the hut with the broken walls."
"06 degrees 00 minutes south,<br>21 degrees 48 minutes east","06.00S,<br>21.48E",None.,Saradomin wizard,https://oldschool.runescape.wiki/images/4/46/Coordinate_clue_06.00S_21.48E.png,https://oldschool.runescape.wiki/images/1/14/06.00S_21.48E_map.png,"West of the Bandit Camp in the Kharidian Desert, at the small peninsula. Dig at the very edge. Bring waterskins or Desert amulet 4 as this area is affected by desert heat."
"06 degrees 11 minutes south,<br>15 degrees 07 minutes east","06.11S,<br>15.07E",None.,Saradomin wizard,https://oldschool.runescape.wiki/images/e/e7/Coordinate_clue_06.11S_15.07E.png,https://oldschool.runescape.wiki/images/3/30/06.11S_15.07E_map.png,"On the southern part of eastern Karamja, just north of some stepping stones across a waterfall. Dig in the brown patch of ground near the jogres. A gnome glider destination is close to the area."
"07 degrees 43 minutes south,<br>12 degrees 26 minutes east","07.43S,<br>12.26E",Partial completion of Legends' Quest,Saradomin wizard,https://oldschool.runescape.wiki/images/3/38/Coordinate_clue_07.43S_12.26E.png,https://oldschool.runescape.wiki/images/3/32/07.43S_12.26E_map.png,"An axe and machete is required, or have 79 Agility for the vine shortcuts!<br><br>In the middle of the Kharazi Jungle, next to the water pool. Remember to bring Radimus notes if you have not completed Legends' Quest. One can use fairy ring ckr and run south."
"08 degrees 03 minutes north,<br>31 degrees 16 minutes east","08.03N,<br>31.16E",Started Priest in Peril,Saradomin wizard,https://oldschool.runescape.wiki/images/7/7a/Coordinate_clue_08.03N_31.16E.png,https://oldschool.runescape.wiki/images/7/75/08.03N_31.16E_map.png,"South-west of fairy ring code bkr and slightly north-east of the fishing spot (the one just south-west of the word Morytania on the world map), in the centre of Mort Myre swamp. Dig between the easternmost and middle logs. Bring druid pouches to prevent ghasts from rotting your food."
"08 degrees 05 minutes south,<br>15 degrees 56 minutes east","08.05S,<br>15.56E",Partial completion of Legends' Quest,Saradomin wizard,https://oldschool.runescape.wiki/images/3/38/Coordinate_clue_08.05S_15.56E.png,https://oldschool.runescape.wiki/images/c/ce/08.05S_15.56E_map.png,South-east of the easternmost mahogany tree in the Kharazi Jungle. Remember to bring an axe and a machete (and your Radimus notes if you have not finished Legends' Quest) to cut through the jungle. (Note: There may or may not be a totem pole at this location).
"08 degrees 26 minutes south,<br>10 degrees 28 minutes east","08.26S,<br>10.28E",Partial completion of Legends' Quest,Saradomin wizard,https://oldschool.runescape.wiki/images/3/3f/Coordinate_clue_08.26S_10.28E.png,https://oldschool.runescape.wiki/images/7/79/08.26S_10.28E_map.png,In the south-west peninsula of the Kharazi Jungle on Karamja. Dig north of a skeleton. Remember to bring an axe and a machete (and your Radimus notes if you have not finished Legends' Quest) to cut through the jungle.
"13 degrees 46 minutes north,<br>21 degrees 01 minutes east","13.46N,<br>21.01E",None.,Zamorak wizard,https://oldschool.runescape.wiki/images/8/87/Coordinate_clue_13.46N_21.01E.png,https://oldschool.runescape.wiki/images/3/34/13.46N_21.01E_map.png,"Just north of the Edgeville level 11 Wilderness, near horseshoe-shaped mushroom patch."
"16 degrees 03 minutes north,<br>14 degrees 07 minutes east","16.03N,<br>14.07E",Start Troll Stronghold,Saradomin wizard,https://oldschool.runescape.wiki/images/c/c2/Coordinate_clue_16.03N_14.07E.png,https://oldschool.runescape.wiki/images/e/e5/16.03N_14.07E_map.png,"On the summit of Trollheim, near the entrance to Eadgar's cave."
"16 degrees 07 minutes north,<br>22 degrees 45 minutes east","16.07N,<br>22.45E",None.,Zamorak wizard,https://oldschool.runescape.wiki/images/a/a2/Coordinate_clue_16.07N_22.45E.png,https://oldschool.runescape.wiki/images/e/e1/16.07N_22.45E_map.png,"In the Graveyard of Shadows in the Wilderness, immediately north of a dead tree."
"16 degrees 31 minutes north,<br>12 degrees 54 minutes east","16.31N,<br>12.54E",Partial completion of the Troll Stronghold quest,Saradomin wizard,https://oldschool.runescape.wiki/images/1/10/Coordinate_clue_16.31N_12.54E.png,https://oldschool.runescape.wiki/images/0/0c/16.31N_12.54E_map.png,"At the entrance to the Troll Stronghold, next to the sleeping troll called Mushroom."
"16 degrees 35 minutes north,<br>27 degrees 01 minutes east","16.35N,<br>27.01E",None.,Zamorak wizard,https://oldschool.runescape.wiki/images/8/84/Coordinate_clue_16.35N_27.01E.png,https://oldschool.runescape.wiki/images/7/70/16.35N_27.01E_map.png,"In level 22 Wilderness, past the Black Salamanders."
"16 degrees 43 minutes north,<br>19 degrees 13 minutes east","16.43N,<br>19.13E",None.,Zamorak wizard,https://oldschool.runescape.wiki/images/7/79/Coordinate_clue_16.43N_19.13E.png,https://oldschool.runescape.wiki/images/0/05/16.43N_19.13E_map.png,In the northern section of the Bandit Camp in level 23 Wilderness. The Burning Amulet can teleport you close to there.
"16 degrees 43 minutes north,<br>26 degrees 56 minutes east","16.43N,<br>26.56E",None.,Zamorak wizard,https://oldschool.runescape.wiki/images/4/44/Coordinate_clue_16.43N_26.56E.png,https://oldschool.runescape.wiki/images/c/c6/16.43N_26.56E_map.png,In the black salamander hunting area in the level 23 Wilderness.
"16 degrees 43 minutes north,<br>30 degrees 01 minutes west","16.43N,<br>30.01W",5% Shayzien favour.,Saradomin wizard,https://oldschool.runescape.wiki/images/5/53/Coordinate_clue_16.43N_30.01W.png,https://oldschool.runescape.wiki/images/f/f7/16.43N_30.01W_map.png,In the west end of the Lizardman Canyon between Lovakengj and Shayzien. Entering the Canyon requires 5% Shayzien favour. Use fairy ring code djr to get there quickly.
"16 degrees 45 minutes north,<br>03 degrees 05 minutes west","16.45N,<br>03.05W",Completion of Swan Song,Saradomin wizard,https://oldschool.runescape.wiki/images/c/c9/Coordinate_clue_16.45N_03.05W.png,https://oldschool.runescape.wiki/images/5/5c/16.45N_03.05W_map.png,North-east of the Piscatoris Fishing Colony bank. fairy ring code akq
"17 degrees 50 minutes north,<br>08 degrees 30 minutes east","17.50N,<br>08.30E",None.,Saradomin wizard,https://oldschool.runescape.wiki/images/0/00/Coordinate_clue_17.50N_08.30E.png,https://oldschool.runescape.wiki/images/7/78/17.50N_08.30E_map.png,"North-east of Rellekka, immediately east of Larry and his boat, north of the rock crabs, and north-west of fairy ring code dks."
"18 degrees 22 minutes north,<br>16 degrees 33 minutes east","18.22N,<br>16.33E",None.,Zamorak wizard,https://oldschool.runescape.wiki/images/6/61/Coordinate_clue_18.22N_16.33E.png,https://oldschool.runescape.wiki/images/b/b0/18.22N_16.33E_map.png,"In the south-west section of the Forgotten Cemetery in level 29 Wilderness. Dig immediately south of one of the graves, located in the second column from the south. A cemetery teleport will teleport a player here."
"18 degrees 50 minutes north,<br>20 degrees 26 minutes east","18.50N,<br>20.26E",None.,Zamorak wizard,https://oldschool.runescape.wiki/images/8/89/Coordinate_clue_18.50N_20.26E.png,https://oldschool.runescape.wiki/images/9/90/18.50N_20.26E_map.png,In the Bandit camp mining site in level 31 Wilderness.
"19 degrees 00 minutes north,<br>27 degrees 13 minutes east","19.00N,<br>27.13E",None.,Zamorak wizard,https://oldschool.runescape.wiki/images/5/5c/Coordinate_clue_19.00N_27.13E.png,https://oldschool.runescape.wiki/images/5/5c/19.00N_27.13E_map.png,"In level 32 Wilderness, north of Venenatis. Dig in the area wherein there are several Black Knights."
"19 degrees 09 minutes north,<br>21 degrees 58 minutes east","19.09N,<br>21.58E",None.,Zamorak wizard,https://oldschool.runescape.wiki/images/c/cc/Coordinate_clue_19.09N_21.58E.png,https://oldschool.runescape.wiki/images/a/ad/19.09N_21.58E_map.png,"In level 32 Wilderness, by the black chinchompa hunting area."
"19 degrees 24 minutes north,<br>30 degrees 37 minutes west","19.24N,<br>30.37W",None.,Saradomin wizard,https://oldschool.runescape.wiki/images/d/d0/Coordinate_clue_19.24N_30.37W.png,https://oldschool.runescape.wiki/images/0/0c/19.24N_30.37W_map.png,"In Lovakengj, dig south of the burning man located south-east of the lovakite mine."
"19 degrees 43 minutes north,<br>25 degrees 07 minutes east","19.43N,<br>25.07E",None.,Zamorak wizard,https://oldschool.runescape.wiki/images/0/0c/Coordinate_clue_19.43N_25.07E.png,https://oldschool.runescape.wiki/images/7/77/19.43N_25.07E_map.png,"In level 35 Wilderness just a little south-east of the Lava Dragon Isle by some Chaos dwarves, you will come across four large cave like objects. Dig almost directly in the centre of them. This area can be accessed via the canoe system (requires  57 ), just keep heading east from the pond at which you arrive. If using the canoe system, beware of Vet'ion as you are walking toward the clue location."
"20 degrees 05 minutes north,<br>21 degrees 52 minutes east","20.05N,<br>21.52E",None.,Zamorak wizard,https://oldschool.runescape.wiki/images/b/bd/Coordinate_clue_20.05N_21.52E.png,https://oldschool.runescape.wiki/images/8/8c/20.05N_21.52E_map.png,"In level 36 Wilderness, just north of a pond by some moss giants. This can be difficult because of the nearby moss giants and skeletons. The Wilderness canoe destination is a quick way to get here."
"20 degrees 33 minutes north,<br>15 degrees 48 minutes east","20.33N,<br>15.48E",None.,Zamorak wizard,https://oldschool.runescape.wiki/images/5/59/Coordinate_clue_20.33N_15.48E.png,https://oldschool.runescape.wiki/images/7/7e/20.33N_15.48E_map.png,"North-west of The Forgotten Cemetery, at level 38 Wilderness, there is a Chaos Temple. Dig outside the building, just to the south of the altar. A cemetery teleport can be used to reach the coordinates relatively quickly."
"20 degrees 45 minutes north,<br>41 degrees 35 minutes east","20.45N,<br>41.35E",Completed Bone Voyage,Saradomin wizard,https://oldschool.runescape.wiki/images/3/37/Coordinate_clue_20.45N_41.35E.png,https://oldschool.runescape.wiki/images/3/30/20.45N_41.35E_map.png,"On Fossil Island, east of the Museum Camp."
"21 degrees 24 minutes north,<br>17 degrees 54 minutes east","21.24N,<br>17.54E",None.,Zamorak wizard,https://oldschool.runescape.wiki/images/8/8a/Coordinate_clue_21.24N_17.54E.png,https://oldschool.runescape.wiki/images/9/98/21.24N_17.54E_map.png,"Level 41 Wilderness, in the area with the lesser demons, west of the Lava Maze, about three squares west and two squares south of the ladder to the King Black Dragon's lair. A burning amulet will take players close to this location."
"22 degrees 35 minutes north,<br>19 degrees 18 minutes east","22.35N,<br>19.18E",None.,Zamorak wizard,https://oldschool.runescape.wiki/images/7/74/Coordinate_clue_22.35N_19.18E.png,https://oldschool.runescape.wiki/images/9/96/22.35N_19.18E_map.png,In the Wilderness near the two runite rocks located north of the Lava Maze.
"22 degrees 45 minutes north,<br>26 degrees 33 minutes east","22.45N,<br>26.33E",None.,Zamorak wizard,https://oldschool.runescape.wiki/images/d/dd/Coordinate_clue_22.45N_26.33E.png,https://oldschool.runescape.wiki/images/2/2f/22.45N_26.33E_map.png,"In the Demonic Ruins in level 44 Wilderness. Dig on top of the north-east icosagram, immediately north-west of one of the burnt bones spawns.<br><br>Easily reached by casting Annakarl Teleport or using its magic tablet equivalent."
"23 degrees 00 minutes north,<br>41 degrees 33 minutes east","23.00N,<br>41.33E",Completion of Bone Voyage,Saradomin wizard,https://oldschool.runescape.wiki/images/a/a1/Coordinate_clue_23.00N_41.33E.png,https://oldschool.runescape.wiki/images/c/c9/23.00N_41.33E_map.png,Small island located north of Fossil island. Only reachable via the rowboat found in the north-east corner of the Mushroom Forest. Select 'Row to Sea'.
"23 degrees 03 minutes north,<br>02 degrees 01 minutes east","23.03N,<br>02.01E",Partial completion of Fairytale II - Cure a Queen,Saradomin wizard,https://oldschool.runescape.wiki/images/5/52/Coordinate_clue_23.03N_02.01E.png,https://oldschool.runescape.wiki/images/8/82/23.03N_02.01E_map.png,Small island located north of Miscellania. Only reachable via fairy ring code ajs.
"24 degrees 22 minutes north,<br>17 degrees 15 minutes east","24.22N,<br>17.15E",52 Agility (Boostable),Zamorak wizard,https://oldschool.runescape.wiki/images/1/1f/Coordinate_clue_24.22N_17.15E.png,https://oldschool.runescape.wiki/images/f/f9/24.22N_17.15E_map.png,"Wilderness Agility Course, past the log balance."
"24 degrees 24 minutes north,<br>26 degrees 24 minutes east","24.24N,<br>26.24E",None.,Zamorak wizard,https://oldschool.runescape.wiki/images/9/91/Coordinate_clue_24.24N_26.24E.png,https://oldschool.runescape.wiki/images/d/d5/24.24N_26.24E_map.png,In the northern area of the Rogues' Castle in the Wilderness. Take caution when travelling here as the deadly Chaos Elemental lurks nearby.
"24 degrees 56 minutes north,<br>22 degrees 28 minutes east","24.56N,<br>22.28E",None.,Zamorak wizard,https://oldschool.runescape.wiki/images/c/cc/Coordinate_clue_24.56N_22.28E.png,https://oldschool.runescape.wiki/images/7/7c/24.56N_22.28E_map.png,North of the Deserted Keep in the Wilderness. Dig six squares north of the spider web that must be slashed. This area can be reached via the teleport lever.
"24 degrees 58 minutes north,<br>18 degrees 43 minutes east","24.58N,<br>18.43E",None.,Zamorak wizard,https://oldschool.runescape.wiki/images/4/4e/Coordinate_clue_24.58N_18.43E.png,https://oldschool.runescape.wiki/images/9/95/24.58N_18.43E_map.png,One step north and then one step west of the northern door of the Pirates' Hideout in the Wilderness.
"25 degrees 03 minutes north,<br>17 degrees 05 minutes east","25.03N,<br>17.05E",None.,Zamorak wizard,https://oldschool.runescape.wiki/images/e/e2/Coordinate_clue_25.03N_17.05E.png,https://oldschool.runescape.wiki/images/6/6e/25.03N_17.05E_map.png,"North-west of the Wilderness Agility Course in level 56 Wilderness. North-eastern corner of the Frozen Waste Plateau. Reachable via the ancient spell, Ghorrock Teleport (requires  96 ). Or Ice Plateau Teleport via the Lunar Spellbook."
"25 degrees 03 minutes north,<br>23 degrees 24 minutes east","25.03N,<br>23.24E",None.,Zamorak wizard,https://oldschool.runescape.wiki/images/3/35/Coordinate_clue_25.03N_23.24E.png,https://oldschool.runescape.wiki/images/0/04/25.03N_23.24E_map.png,"Immediately north of the magic axe hut, which is located north-east of the Deserted Keep in the Wilderness. Quickly reachable by pulling the Ardougne teleport lever in East Ardougne and running north-east from the Deserted Keep."
"00 degrees 18 minutes south,<br>02 degrees 35 minutes west","00.18S,<br>02.35W",Started Mourning's End Part I,Armadylian guard or Bandosian guard,https://oldschool.runescape.wiki/images/2/25/Coordinate_clue_00.18S_02.35W.png,https://oldschool.runescape.wiki/images/c/c4/00.18S_02.35W_map.png,Flax field south of the Lletya bank. The image has the north compass facing east to provide a proper orientation.
"00 degrees 35 minutes north,<br>35 degrees 50 minutes east","00.35N,<br>35.50E",Partial completion of Darkness of Hallowvale.,Armadylian guard or Bandosian guard,https://oldschool.runescape.wiki/images/b/b7/Coordinate_clue_00.35N_35.50E.png,https://oldschool.runescape.wiki/images/9/97/00.35N_35.50E_map.png,"After arriving at Meiyerditch, walk up the wall until you pass a section where the boards creak (you are informed in the chat pane). Kick the boards, and then climb down into the passage below. Dig west of the wall rubble. If you already completed Darkness of Hallowvale, then right-click on the boards for the option to climb down."
"02 degrees 35 minutes south,<br>11 degrees 52 minutes east","02.35S,<br>11.52E",Jungle Potion quest and 100 trading sticks are required to enter.,Armadylian guard or Bandosian guard,https://oldschool.runescape.wiki/images/2/2e/Coordinate_clue_02.35S_11.52E.png,https://oldschool.runescape.wiki/images/9/96/02.35S_11.52E_map.png,Inside the Hardwood Grove at Tai Bwo Wannai. You will need 100 trading sticks for this unless you have completed the Karamja elite diary.
"03 degrees 09 minutes south,<br>42 degrees 50 minutes east","03.09S,<br>42.50E",Cabin Fever,Bandosian guard or Armadylian guard,https://oldschool.runescape.wiki/images/9/9d/Coordinate_clue_03.09S_42.50E.png,https://oldschool.runescape.wiki/images/b/b2/03.09S_42.50E_map.png,"Small island located north-east of Mos Le'Harmless, accessible through the western staircase located at the north-east corner of the Mos Le'Harmless Cave. Remember to wear a Witchwood icon when traversing the dungeon, as well as bringing a light source for players who haven't lit the fire pit (requires completion of Making Friends with My Arm). It is possible that an Armadylian guard may appear, which means you may have to bring Ranged equipment."
"03 degrees 46 minutes north,<br>08 degrees 07 minutes west","03.46N,<br>08.07W",Regicide,Bandosian guard or Armadylian guard,https://oldschool.runescape.wiki/images/7/75/Coordinate_clue_03.46N_08.07W.png,https://oldschool.runescape.wiki/images/4/49/03.46N_08.07W_map.png,North-west of Iorwerth Camp near some rabbits. East of Shark fishing spot.
"05 degrees 07 minutes south,<br>13 degrees 26 minutes east","05.07S,<br>13.26E",Completion of the Shilo Village quest,Bandosian guard or Armadylian guard,https://oldschool.runescape.wiki/images/0/06/Coordinate_clue_05.07S_13.26E.png,https://oldschool.runescape.wiki/images/0/03/05.07S_13.26E_map.png,"North-east Shilo Village, dig in the centre of the bamboo pillars."
"05 degrees 18 minutes north,<br>6 degrees 48 minutes west","05.18N,<br>6.48W",Completion of the Song of the Elves quest,Bandosian guard or Armadylian guard,https://oldschool.runescape.wiki/images/7/7a/Coordinate_clue_05.18S_06.48E.png,https://oldschool.runescape.wiki/images/a/a8/05.18S_06.48E_map.png,"In Prifddinas, just west of the Tower of Voices."
"05 degrees 24 minutes south,<br>26 degrees 56 minutes east","05.24S,<br>26.56E",None.,Bandosian guard or Armadylian guard,https://oldschool.runescape.wiki/images/2/21/Coordinate_clue_05.24S_26.56E.png,https://oldschool.runescape.wiki/images/f/f7/05.24S_26.56E_map.png,On top of a cliff to the west of Pollnivneach.
"05 degrees 39 minutes south,<br>02 degrees 13 minutes east","05.39S,<br>02.13E",None.,Armadylian guard or Bandosian guard,https://oldschool.runescape.wiki/images/b/bb/Coordinate_clue_05.39S_02.13E.png,https://oldschool.runescape.wiki/images/a/a0/05.39S_02.13E_map.png,"Just south of Gu'Tanoth, west of Gnormadium Avlafrim's gnome glider."
"06 degrees 35 minutes north,<br>09 degrees 07 minutes east","06.35N,<br>09.07E",Started Legends' Quest,Bandosian guard or Armadylian guard,https://oldschool.runescape.wiki/images/4/49/Coordinate_clue_06.35N_09.07E.png,https://oldschool.runescape.wiki/images/e/e5/06.35N_09.07E_map.png,"Outside the Legends' Guild, north of the fountain."
"08 degrees 15 minutes north,<br>35 degrees 24 minutes east","08.15N,<br>35.24E",Priest in Peril,Bandosian guard or Armadylian guard,https://oldschool.runescape.wiki/images/4/41/Coordinate_clue_08.15N_35.24E.png,https://oldschool.runescape.wiki/images/d/db/08.15N_35.24E_map.png,North of Dessous's tomb from Desert Treasure.
"09 degrees 46 minutes south,<br>43 degrees 22 minutes east","09.46S,<br>43.22E",Started The Great Brain Robbery,Bandosian guard or Armadylian guard,https://oldschool.runescape.wiki/images/a/a2/Coordinate_clue_09.46S_43.22E.png,https://oldschool.runescape.wiki/images/5/52/09.46S_43.22E_map.png,East side of Harmony Island. It is suggested to bring Ranged equipment as it is possible an Armadylian guard will appear.
"10 degrees 05 minutes south,<br>24 degrees 31 minutes east","10.05S,<br>24.31E",None.,Bandosian guard or Armadylian guard,https://oldschool.runescape.wiki/images/3/3d/Coordinate_clue_10.05S_24.31E.png,https://oldschool.runescape.wiki/images/4/46/10.05S_24.31E_map.png,"South of the Desert Treasure pyramid. If you are having trouble finding the exact spot, increase the brightness to max to help see the contrast in sand colour. 16 blocks south of the northern cactus."
"10 degrees 54 minutes north,<br>20 degrees 50 minutes west","10.54N,<br>20.50W",None.,Bandosian guard or Armadylian guard,https://oldschool.runescape.wiki/images/c/c2/Coordinate_clue_10.54N_20.50W.png,https://oldschool.runescape.wiki/images/a/ac/10.54N_20.50W_map.png,One step north of the bronze pickaxe spawn found in the small ruins north of the Hosidius mine.
"12 degrees 31 minutes north,<br>43 degrees 11 minutes east","12.31N,<br>43.11E",None.,Bandosian guard or Armadylian guard,https://oldschool.runescape.wiki/images/7/79/Coordinate_clue_12.31N_43.11E.png,https://oldschool.runescape.wiki/images/5/5c/12.31N_43.11E_map.png,Dig south-east of the evergreen tree on the northeastern portion of Dragontooth Island. Players will require a ghostspeak amulet and 25 ecto-tokens (10 if wearing a Ring of charos (a)) or a one-time payment of 500 ecto-tokens at the Ghost captain to get to the island.
"12 degrees 35 minutes north,<br>36 degrees 20 minutes east","12.35N,<br>36.20E",25,Bandosian guard or Armadylian guard,https://oldschool.runescape.wiki/images/e/e0/Coordinate_clue_12.35N_36.20E.png,https://oldschool.runescape.wiki/images/d/d7/12.35N_36.20E_map.png,"Dig on the rocks, north of the wrecked ship, outside of Port Phasmatys. Climb the ladder of the wrecked ship, cross the gangplank, and jump on the rocks until the end is reached. Each jump requires 5% of your running energy."
"13 degrees 45 minutes south,<br>15 degrees 30 minutes east","13.45S,<br>15.30E",Partial completion of Monkey Madness I,Bandosian guard or<br><br>Armadylian guard,https://oldschool.runescape.wiki/images/e/ef/Coordinate_clue_13.45S_15.30E.png,https://oldschool.runescape.wiki/images/d/d5/13.45S_15.30E_map.png,"Eastern shore of Crash Island, visited during the Monkey Madness I quest. There are poisonous scorpions there-bring an anti-poison."
"14 degrees 15 minutes south,<br>08 degrees 01 minutes east","14.15S,<br>08.01E",Partial completion of Monkey Madness I,Armadylian guard or Bandosian guard,https://oldschool.runescape.wiki/images/4/45/Coordinate_clue_14.15S_08.01E.png,https://oldschool.runescape.wiki/images/0/0a/14.15S_08.01E_map.png,Dig on top of the starfish on the south-westernmost shore of Ape Atoll.
"16 degrees 09 minutes north,<br>10 degrees 33 minutes east","16.09N,<br>10.33E",A rope (if Mountain Daughter not completed),Bandosian guard or armadylian guard,https://oldschool.runescape.wiki/images/e/e3/Coordinate_clue_16.09N_10.33E.png,https://oldschool.runescape.wiki/images/5/57/16.09N_10.33E_map.png,By the lake north of the Mountain Camp in the Fremennik Province.
"17 degrees 58 minutes north,<br>19 degrees 05 minutes east","17.58N,<br>19.05E",None.,Bandosian guard or armadylian guard,https://oldschool.runescape.wiki/images/8/80/Coordinate_clue_17.58N_19.05E.png,https://oldschool.runescape.wiki/images/4/4a/17.58N_19.05E_map.png,East of the Wilderness Obelisk in level 28 Wilderness.
"18 degrees 05 minutes north,<br>12 degrees 05 minutes east","18.05N,<br>12.05E","Access to Trollheim, requires quests",Bandosian guard or armadylian guard,https://oldschool.runescape.wiki/images/4/49/Coordinate_clue_18.05N_12.05E.png,https://oldschool.runescape.wiki/images/d/d5/18.05N_12.05E_map.png,"West of the entrance to the Ice Path, where the Troll child resides."
"19 degrees 56 minutes north,<br>02 degrees 31 minutes west","19.56N,<br>02.31W",Partial completion of The Fremennik Isles,Bandosian guard or Armadylian guard,https://oldschool.runescape.wiki/images/1/1c/Coordinate_clue_19.56N_02.31W.png,https://oldschool.runescape.wiki/images/0/0d/19.56N_02.31W_map.png,At the very southeastern part of Neitiznot. Dig 4 spaces west of the ladder.
"20 degrees 11 minutes north,<br>07 degrees 41 minutes west","20.11N,<br>07.41W",Started Lunar Diplomacy to access Pirates' Cove,Bandosian guard or Armadylian guard,https://oldschool.runescape.wiki/images/a/ae/Coordinate_clue_20.11N_07.41W.png,https://oldschool.runescape.wiki/images/d/dc/20.11N_07.41W_map.png,"In the southwestern area of the Pirates' Cove, near the windswept tree."
"20 degrees 13 minutes north,<br>08 degrees 07 minutes east","20.13N,<br>08.07E",None.,Bandosian guard or Armadylian guard,https://oldschool.runescape.wiki/images/7/73/Coordinate_clue_20.13N_08.07E.png,https://oldschool.runescape.wiki/images/6/6c/20.13N_08.07E_map.png,In the northwestern part of the Trollweiss and Rellekka Hunter area. The fairy ring code dks can be used to teleport nearby.
"20 degrees 24 minutes north,<br>03 degrees 52 minutes west","20.24N,<br>03.52W",Started The Fremennik Isles to access Neitiznot,Bandosian guard or Armadylian guard,https://oldschool.runescape.wiki/images/7/76/Coordinate_clue_20.24N_03.52W.png,https://oldschool.runescape.wiki/images/f/f4/20.24N_03.52W_map.png,Outside the town near the bridge.
"21 degrees 03 minutes north,<br>24 degrees 13 minutes east","21.03N,<br>24.13E",None.,Armadylian guard<br><br>Bandosian guard,https://oldschool.runescape.wiki/images/c/c0/Coordinate_clue_21.03N_24.13E.png,https://oldschool.runescape.wiki/images/8/82/21.03_24.13E_map.png,"Level 40 Wilderness, in the Lava Dragon Isle. An Anti-dragon shield<br><br>or Antifire potion is recommended to bring for some protection against dragonfire attacks."
"22 degrees 54 minutes north,<br>29 degrees 01 minutes east","22.54N,<br>29.01E",None.,Armadylian guard or Bandosian guard,https://oldschool.runescape.wiki/images/4/4f/Coordinate_clue_22.54N_29.01E.png,https://oldschool.runescape.wiki/images/b/b0/22.54N_29.01E_map.png,"At the Fountain of Rune in the north-eastern Wilderness, in the small 'C' shaped wall."
"23 degrees 48 minutes north,<br>11 degrees 43 minutes west","23.48N,<br>11.43W",Started Lunar Diplomacy to access Lunar Isle,Armadylian guard or Bandosian guard,https://oldschool.runescape.wiki/images/6/67/Coordinate_clue_23.48N_11.43W.png,https://oldschool.runescape.wiki/images/2/2b/23.48N_11.43W_map.png,Outside the western wall on Lunar Isle.
"24 degrees 07 minutes north,<br>23 degrees 22 minutes east","24.07N,<br>23.22E",None.,Armadylian guard or Bandosian guard,https://oldschool.runescape.wiki/images/6/65/Coordinate_clue_24.07N_23.22E.png,https://oldschool.runescape.wiki/images/b/ba/24.07N_23.22E_map.png,"Inside the Resource Area (3 steps north of the fire). Requires 7,500 coins to enter."
"24 degrees 15 minutes north,<br>13 degrees 30 minutes east","24.15N,<br>13.30E",Partial completion of Making Friends with My Arm,Armadylian guard or Bandosian guard,https://oldschool.runescape.wiki/images/a/a8/Coordinate_clue_24.15N_13.30E.png,https://oldschool.runescape.wiki/images/8/8b/24.15N_13.30E_map.png,Inside the largest building in Weiss. Players must complete the quest up to the point where they speak to Mother.
"24 degrees 45 minutes north,<br>17 degrees 24 minutes east","24.45N,<br>17.24E",52 Agility,Armadylian guard<br><br>Bandosian guard,https://oldschool.runescape.wiki/images/d/df/Coordinate_clue_24.45N_17.24E.png,https://oldschool.runescape.wiki/images/a/ae/24.45N_17.24E_map.png,In the Wilderness Agility Course in level 55 Wilderness.
"25 degrees 03 minutes north,<br>29 degrees 22 minutes east","25.03N,<br>29.22E",None.,Armadylian guard or Bandosian guard,https://oldschool.runescape.wiki/images/2/29/Coordinate_clue_25.03N_29.22E.png,https://oldschool.runescape.wiki/images/f/f8/25.03N_29.22E_map.png,"On the peninsula in the north-easternmost corner of the Wilderness, north of the Wilderness Volcano."
"25 degrees 48 minutes north,<br>35 degrees 00 minutes east","25.48N,<br>35.00E",Partial completion of Dragon Slayer II,Armadylian guard or Bandosian guard,https://oldschool.runescape.wiki/images/0/00/Coordinate_clue_25.48N_35.00E.png,https://oldschool.runescape.wiki/images/a/a5/25.48N_35.00E_map.png,Need to take the rowboat to travel to Lithkren.The rowboat is located south-west of Mushroom Meadow Mushtree(Mycelium Transportation System). Walk west on the island and dig east next to the skroom next to the bones.
"26 degrees 43 minutes north,<br>01 degrees 22 minutes east","26.43N,<br>01.22E",Partial completion of The Fremennik Exiles,Armadylian guard or Bandosian guard,https://oldschool.runescape.wiki/images/1/13/Coordinate_clue_26.43N_01.22E.png,https://oldschool.runescape.wiki/images/4/45/26.43N_01.22E_map.png,Northeast corner of the Island of Stone.
"01 degrees 30 minutes north,<br>08 degrees 11 minutes west","01.30N,<br>08.11W",Regicide,Brassican Mage,https://oldschool.runescape.wiki/images/f/f6/Coordinate_clue_01.30N_08.11W.png,https://oldschool.runescape.wiki/images/c/cc/01.30N_08.11W_map.png,"In the hunter area directly south of the Iorwerth Camp, past a stick trap, dig by the north-east edge of the pond. An Iorwerth camp teleport can greatly reduce the difficulty in reaching this position.<br><br>From Lletya: Pass the tree, go west across the tripwire, continue west through the dense forest. Turn north and up the path to Prifddinas. Before the bridge and the water, head west through the dense forest. Then, keep going west past the leaves pitfall trap, then south-west past a stick trap.<br><br>From Port Tyras: Go north through dense forest then east; go south through dense forest; step over tripwire; go east through the dense forest then north-west for quite a while; jump over the leaves. Finally, continue west till you arrive at an elven lamp next to mushrooms. Head south down the small path to the pond. Pass the stick trap and dig by the north-east edge of the pond.<br><br>This clue can be frustrating due to the frequency of activating the stick traps, which deal significant amounts of damage. There is a better success rate of passing the trap by turning off run and walking past the trap.<br><br>It's recommended to follow this map in order to not get lost."
"01 degrees 54 minutes south,<br>08 degrees 54 minutes west","01.54S,<br>08.54W",Partial completion of Regicide,Brassican Mage,https://oldschool.runescape.wiki/images/b/ba/Coordinate_clue_01.54S_08.54W.png,https://oldschool.runescape.wiki/images/5/50/01.54S_08.54W_map.png,"South of Port Tyras, easily accessible by charter ship or fairy ring code bjs (requires  76 )"
"02 degrees 09 minutes south,<br>06 degrees 58 minutes west","02.09S,<br>06.58W",Access to fairy rings,Brassican Mage,https://oldschool.runescape.wiki/images/9/94/Coordinate_clue_02.09S_06.58W.png,https://oldschool.runescape.wiki/images/b/b6/02.09S_06.58W_map.png,Code (dlr) at the Poison Waste.
"03 degrees 09 minutes south,<br>43 degrees 26 minutes east","03.09S,<br>43.26E",Cabin Fever,Brassican Mage,https://oldschool.runescape.wiki/images/0/02/Coordinate_clue_03.09S_43.26E.png,https://oldschool.runescape.wiki/images/1/15/03.09S_43.26E_map.png,"Small island located north-east of Mos Le'Harmless, accessible through the eastern staircase located at the north-east corner of the Mos Le'Harmless Cave. Remember to wear a Witchwood icon when traversing the dungeon, as well as bringing a light source for players who haven't lit the fire pit (requires completion of Making Friends with My Arm)."
"03 degrees 26 minutes north,<br><br>12 degrees 18 minutes east","03.26N,<br><br>12.18E",Partial completion of Dragon Slayer,Brassican Mage,https://oldschool.runescape.wiki/images/e/e6/Coordinate_clue_03.26N_12.16E.png,https://oldschool.runescape.wiki/images/5/57/03.26N_12.16E_map.png,"Crandor, centre of the island."
"03 degrees 50 minutes north,<br><br>09 degrees 07 minutes east","03.50N,<br><br>09.07E",None.,Brassican Mage,https://oldschool.runescape.wiki/images/d/db/Coordinate_clue_03.50N_09.07E.png,https://oldschool.runescape.wiki/images/d/d4/03.50N_09.07E_map.png,"Witchaven, east from the chapel."
"04 degrees 58 minutes north,<br>36 degrees 56 minutes east","04.58N,<br>36.56E",Partial completion of Darkness of Hallowvale,Brassican Mage,https://oldschool.runescape.wiki/images/3/3d/Coordinate_clue_04.58N_36.56E.png,https://oldschool.runescape.wiki/images/6/66/04.58N_36.56E_map.png,"Located outside the entrance to the Meiyerditch Mine. An easy way to reach the mine is to ask a vyrewatch to send you to the mines, and then mining 15 daeyalt ores to leave."
"05 degrees 13 minutes north,<br>04 degrees 16 minutes west","05.13N,<br>04.16W",Partial completion of Regicide,Brassican Mage,https://oldschool.runescape.wiki/images/2/22/Coordinate_clue_05.13N_04.16W.png,https://oldschool.runescape.wiki/images/3/39/05.13N_04.16W_map.png,East of the eastern entrance to Prifddinas.
"07 degrees 37 minutes north,<br>35 degrees 18 minutes east","07.37N,<br>35.18E",None.,Brassican Mage,https://oldschool.runescape.wiki/images/9/9d/Coordinate_clue_07.37N_35.18E.png,https://oldschool.runescape.wiki/images/2/23/07.37N_35.18E_map.png,The graveyard where players fight Dessous during Desert Treasure.
"08 degrees 11 minutes north,<br>12 degrees 30 minutes east","08.11N,<br>12.30E",None.,Brassican Mage,https://oldschool.runescape.wiki/images/8/8d/Coordinate_clue_08.11N_12.30E.png,https://oldschool.runescape.wiki/images/5/51/08.11N_12.30E_map.png,Next to the ladder on the Water Obelisk Island.
"12 degrees 35 minutes north,<br>36 degrees 22 minutes east","12.35N,<br>36.22E",25,Brassican Mage,https://oldschool.runescape.wiki/images/9/96/Coordinate_clue_12.35N_36.22E.png,https://oldschool.runescape.wiki/images/d/d7/12.35N_36.20E_map.png,"Dig on the rocks, north of the wrecked ship, outside of Port Phasmatys. Climb the ladder of the wrecked ship, cross the gangplank, and jump on the rocks until the end is reached. Each jump requires 5% of your running energy."
"12 degrees 45 minutes north,<br>20 degrees 09 minutes east","12.45N,<br>20.09E",None.,Brassican Mage,https://oldschool.runescape.wiki/images/9/9a/Coordinate_clue_12.45N_20.09E.png,https://oldschool.runescape.wiki/images/c/c2/12.45N_20.09E_map.png,By the Obelisk of Air in the Wilderness. Must be accessed through the Edgeville Dungeon.
"13 degrees 33 minutes south,<br>15 degrees 26 minutes east","13.33S,<br>15.26E",Partial completion of Monkey Madness,Brassican Mage,https://oldschool.runescape.wiki/images/7/7d/Coordinate_clue_13.33S_15.26E.png,https://oldschool.runescape.wiki/images/4/47/13.33S_15.26E_map.png,Eastern shore of Crash Island.
"16 degrees 41 minutes north,<br>30 degrees 54 minutes west","16.41N,<br>30.54W",100% Shayzien favour,Ancient Wizards,https://oldschool.runescape.wiki/images/2/2b/Coordinate_clue_16.41N_30.54W.png,https://oldschool.runescape.wiki/images/9/9a/16.41N_30.54W_map.png,By the lizardman shaman area west of Lizardman Canyon.
"18 degrees 03 minutes north,<br>03 degrees 03 minutes east","18.03N,<br>03.03E","1,000 coins (or completion of The Fremennik Trials)",Brassican Mage,https://oldschool.runescape.wiki/images/0/08/Coordinate_clue_18.03N_03.03E.png,https://oldschool.runescape.wiki/images/d/dd/18.03N_03.03E_map.png,On top of Waterbirth Island. Must be accessed through the dungeon. A pet rock/another player and a rune thrownaxe are required to reach the island's summit.
"18 degrees 26 minutes north,<br>37 degrees 15 minutes west","18.26N,<br>37.15W",85,Brassican Mage,https://oldschool.runescape.wiki/images/9/99/Coordinate_clue_18.26N_37.15W.png,https://oldschool.runescape.wiki/images/1/16/18.26N_37.15W_map.png,In the north wing of the Farming Guild.
"19 degrees 43 minutes north,<br>23 degrees 11 minutes west","19.43N,<br>23.11W",None.,Ancient Wizards,https://oldschool.runescape.wiki/images/e/e6/Coordinate_clue_19.43N_23.11W.png,https://oldschool.runescape.wiki/images/d/dc/19.43N_23.11W_map.png,"The coordinate is located in the crypt of the Arceuus church. To reach the crypt, head to the church and climb up the stairs, and then, climb down the stairs that follow.<br><br>Players can make the ancient wizards unaggressive by going up the stairs and climbing down immediately."
"20 degrees 35 minutes north,<br>15 degrees 58 minutes east","20.35N,<br>15.58E",None.,Ancient Wizards,https://oldschool.runescape.wiki/images/e/e8/Coordinate_clue_20.35N_15.58E.png,https://oldschool.runescape.wiki/images/e/e2/20.35N_15.58E_map.png,"North-west of The Forgotten Cemetery, at level 38 Wilderness, there is a Chaos Temple. Dig inside the building. A cemetery teleport can be used to reach the coordinates relatively quickly."
"20 degrees 45 minutes north,<br>7 degrees 26 degrees west","20.45N,<br>7.26.W",Started Lunar Diplomacy to access Pirates' Cove,Ancient Wizards,https://oldschool.runescape.wiki/images/3/31/Coordinate_clue_20.45N_07.26W.png,https://oldschool.runescape.wiki/images/c/cb/20.45N_07.26W_map.png,Pirates' Cove
"21 degrees 37 minutes north,<br>21 degrees 13 minutes west","21.37N,<br>21.13W",None.,Brassican Mage,https://oldschool.runescape.wiki/images/9/93/Coordinate_clue_21.37N_21.13W.png,https://oldschool.runescape.wiki/images/8/84/21.37N_21.13W_map.png,"In the Arceuus essence mine. Easily reached with the fairy ring code cis, but requires paying Trossa 80,000 coins to unlock."
"21 degrees 56 minutes north,<br>10 degrees 56 minutes west","21.56N,<br>10.56W",Started Lunar Diplomacy,Ancient Wizards,https://oldschool.runescape.wiki/images/c/c8/Coordinate_clue_21.56N_10.56W.png,https://oldschool.runescape.wiki/images/1/19/21.56N_10.56W_map.png,"On Lunar Isle, dig on the island west of the astral altar."
"22 degrees 24 minutes north,<br>31 degrees 11 minutes west","22.24N,<br>31.11W",None.,Brassican Mage,https://oldschool.runescape.wiki/images/0/02/Coordinate_clue_22.24N_31.11W.png,https://oldschool.runescape.wiki/images/2/23/22.24N_31.11W_map.png,Northern area of the sulphur mine in Lovakengj.
"24 degrees 00 minutes north,<br>29 degrees 22 minutes east","24.00N,<br>29.22E",None.,Ancient Wizards,https://oldschool.runescape.wiki/images/e/e9/Coordinate_clue_24.00N_29.22E.png,https://oldschool.runescape.wiki/images/a/a5/24.00N_29.22E_map.png,Wilderness Volcano at level 51 Wilderness.
"24 degrees 18 minutes north,<br>23 degrees 22 minutes east","24.18N,<br>23.22E",None.,Brassican Mage,https://oldschool.runescape.wiki/images/0/0b/Coordinate_clue_24.18N_23.22E.png,https://oldschool.runescape.wiki/images/8/85/24.18N_23.22E_map.png,"Inside the Resource Area, near the anvil. Requires 7,500 coins to enter."
"24 degrees 22 minutes north,<br>27 degrees 00 minutes east","24.22N,<br>27.00E",None.,Ancient Wizards,https://oldschool.runescape.wiki/images/6/6e/Coordinate_clue_24.22N_27.00E.png,https://oldschool.runescape.wiki/images/9/9b/24.22N_27.00E_map.png,"Outside Rogues' Castle, north of the Wilderness Obelisk."
"25 degrees 00 minutes north,<br>17 degrees 18 minutes east","25.00N,<br>17.18E",52,Brassican Mage,https://oldschool.runescape.wiki/images/a/a9/Coordinate_clue_25.00N_17.18E.png,https://oldschool.runescape.wiki/images/5/53/25.00N_17.18E_map.png,Players can boost their Agility to enter the Wilderness Agility Course.