Always walking around the castle grounds and somehow knows everyone's age.,Talk to Hans walking around Lumbridge Castle.,https://oldschool.runescape.wiki/images/2/2e/Cryptic_clue_-_talk_to_Hans.png
"Buried beneath the ground, who knows where it's found.Lucky for you, A man called Reldo may have a clue.",Speak to Reldo to receive a strange device used by Hot and Cold clues to locate the location of the next clue.Players can immediately start the search without speaking to Reldo if they already own a strange device.,https://oldschool.runescape.wiki/images/c/c1/Cryptic_clue_-_speak_to_Reldo.png
"In the place Duke Horacio calls home, talk to a man with a hat dropped by goblins.",Talk to the Cook in Lumbridge Castle.,https://oldschool.runescape.wiki/images/6/6e/Cryptic_clue_-_talk_to_Lumbridge_Cook.png
"In a village of barbarians, I am the one who guards the village from up high.",Talk to Hunding atop the tower on the east side of Barbarian Village.,https://oldschool.runescape.wiki/images/3/3b/Cryptic_clue_-_talk_hunding_barbarian_village.png
Talk to Charlie the Tramp in Varrock.,Talk to Charlie the Tramp by the southern entrance to Varrock. He will give you a task.,https://oldschool.runescape.wiki/images/c/c5/Cryptic_clue_-_talk_to_charlie_the_tramp.png
"Near the open desert I reside, to get past me you must abide. Go forward if you dare, for when you pass me, you'll be sweating by your hair.",Talk to Shantay at the Shantay Pass south of Al Kharid.,https://oldschool.runescape.wiki/images/a/ac/Cryptic_clue_-_talk_shantay_shantay_pass.png
A crate found in the tower of a church is your next location.,Climb the ladder and search the crates on the 2nd floor[US] in the church in East Ardougne.,https://oldschool.runescape.wiki/images/a/a2/Cryptic_clue_-_search_crate_Ardougne_church.png
"Belladonna, my dear. If only I had gloves, then I could hold you at last.",Talk to the Tool leprechaun at Belladonna farming patch at Draynor Manor.,https://oldschool.runescape.wiki/images/2/2f/Cryptic_clue_-_belladonna_leprechaun.png
Dig between some ominous stones in Falador.,Three standing stones inside a walled area. East of the northern Falador gate.,https://oldschool.runescape.wiki/images/b/b4/Cryptic_clue_-_dig_ominous_stones_falador.png
Dig in the centre of a great kingdom of 5 cities.,Dig in front of the large statue in the centre of Great Kourend.,https://oldschool.runescape.wiki/images/a/ab/Cryptic_clue_-_dig_centre_Kourend_statue.png
Dig near some giant mushrooms behind the Grand Tree.,Dig near the red mushrooms north-west of the Grand Tree.,https://oldschool.runescape.wiki/images/3/30/Cryptic_clue_-_dig_mushrooms.png
Dig under Ithoi's cabin.,Dig under Ithoi the Navigator's cabin. Players must have started The Corsair Curse quest in order to reach the Corsair Cove.,https://oldschool.runescape.wiki/images/b/b0/Cryptic_clue_-_dig_Ithoi%27s_cabin.png
"Dig where only the skilled, the wealthy, or the brave can choose not to visit again.",Dig at Lumbridge spawn (teleport area).,https://oldschool.runescape.wiki/images/8/8b/Cryptic_clue_-_dig_lumbridge_spawn.png
"I'd like to hear some music. Come and see me on the bridge in Falador Park, and play: <some music>Thanks, Cecilia","Speak to Cecilia, who is located on the bridge in Falador Park.",https://oldschool.runescape.wiki/images/3/3b/Cryptic_clue_-_talk_to_Cecilia.png
Impossible to make angry.,Speak to Abbot Langley.,https://oldschool.runescape.wiki/images/d/de/Cryptic_clue_-_speak_Abbot_Langley.png
I wonder how many bronze swords he has handed out.,Talk to Vannaka. He can be found in Edgeville Dungeon.,https://oldschool.runescape.wiki/images/9/9e/Cryptic_clue_-_vannaka_edgeville_dungeon.png
"I would make a chemistry joke, but I'm afraid I wouldn't get a reaction.",Talk to Chemist in Rimmington.,https://oldschool.runescape.wiki/images/e/ed/Cryptic_clue_-_chemist_rimmington.png
I wouldn't wear this jean on my legs.,Talk to Father Jean in the Hosidius church.,https://oldschool.runescape.wiki/images/0/02/Cryptic_clue_-_talk_Father_Jean.png
Look in the ground floor crates of houses in Falador.,The house east of Falador East Bank.,https://oldschool.runescape.wiki/images/3/3a/Cryptic_clue_-_The_house_east_of_the_east_bank.png
Monk's residence in the far west. See robe storage device.,Search the drawers in the south tent of the monk's camp found west of the Hosidius mine.,https://oldschool.runescape.wiki/images/8/89/Cryptic_clue_-_see_robe_storage_device.png
One of the sailors in Port Sarim is your next destination.,Speak to Captain Tobias on the docks of Port Sarim.,https://oldschool.runescape.wiki/images/5/53/Cryptic_clue_-_talk_captain_tobias_port_sarim.png
Salty peter.,Talk to Konoo who is digging saltpetre in Hosidius.,https://oldschool.runescape.wiki/images/3/34/Cryptic_clue_-_talk_to_konoo.png
Search a bookcase in Lumbridge swamp.,Located in Father Urhney's house.,https://oldschool.runescape.wiki/images/e/e2/Cryptic_clue_-_search_bookcase_lumbridge_swamp.png
Search a bookcase in the Wizards tower.,The bookcase located on the 1st floor[US].,https://oldschool.runescape.wiki/images/e/e8/Cryptic_clue_-_search_bookcase_wizards_tower.png
Search a crate in the Haymaker's arms.,Search the crate in the north-east corner of The Haymaker's Arms tavern east of the Woodcutting Guild.,https://oldschool.runescape.wiki/images/5/53/Cryptic_clue_-_search_crate_haymaker%27s_arms.png
Search a wardrobe in Draynor.,Go to Aggie's house and search the wardrobe in northern wall.,https://oldschool.runescape.wiki/images/d/df/Cryptic_clue_-_draynor_wardrobe.png
Search the chest in Fred the Farmer's bedroom.,Search the chest by Fred the Farmer's bed in his house north-west of Lumbridge,https://oldschool.runescape.wiki/images/7/7e/Cryptic_clue_-_search_chest_fred_the_farmer.png
Search chests found in the upstairs of shops in Port Sarim.,"Search the chest in the upstairs of Wydin's Food Store, on the east wall.",https://oldschool.runescape.wiki/images/6/6a/Cryptic_clue_-_search_chest_wydin_upstairs.png
Search for a crate in a building in Hemenster.,"House north of the Fishing Contest quest area, west of Grandpa Jack.",https://oldschool.runescape.wiki/images/8/83/Cryptic_clue_-_search_crate_hemenster.png
Search for a crate in Varrock Castle.,Search the crate in the corner of the kitchen in Varrock Castle.,https://oldschool.runescape.wiki/images/4/42/Cryptic_clue_-_search_crate_varrock_palace.png
Search for a crate on the ground floor of a house in Seers' Village.,"Search inside Phantuwti Fanstuwi Farsight's house, located south of the pub in Seers' Village.",https://oldschool.runescape.wiki/images/8/80/Cryptic_clue_-_search_crate_phantuwti_seers.png
Search the bookcase in the monastery.,Search the southeastern bookcase at Edgeville Monastery.,https://oldschool.runescape.wiki/images/5/5c/Cryptic_clue_-_search_bookcase_monastery.png
Search the eastern bookcase in Father Urhney's house.,Father Urhney's house is found in the western end of the Lumbridge Swamp.,https://oldschool.runescape.wiki/images/b/bf/Cryptic_clue_-_search_bookcase_urhney.png
Search the boxes in a shop in Taverley.,The box inside Gaius' Two Handed Shop.,https://oldschool.runescape.wiki/images/c/cd/Cryptic_clue_-_search_boxes_taverley.png
Search the boxes in one of the tents in Al Kharid.,Search the crates in the tent east of the Silk trader.,https://oldschool.runescape.wiki/images/f/f9/Cryptic_clue_-_search_boxes_tents_al_kharid.png
Search the boxes in the goblin house near Lumbridge.,Goblin house on the eastern side of the river.,https://oldschool.runescape.wiki/images/4/4c/Cryptic_clue_-_search_boxes_goblin_house_lumbridge.png
Search the boxes in the house near the south entrance to Varrock.,The first house on the left when entering the city from the southern entrance.,https://oldschool.runescape.wiki/images/6/68/Cryptic_clue_-_search_boxes_south_entrance_varrock.png
Search the boxes just outside the Armour shop in East Ardougne.,Outside Zenesha's Plate Mail Body Shop.,https://oldschool.runescape.wiki/images/4/4c/Cryptic_clue_-_search_boxes_east_ardougne_armour_shop.png
Search the boxes of Falador's general store.,Falador General Store,https://oldschool.runescape.wiki/images/c/c1/Cryptic_clue_-_search_boxes_falador_general_store.png
Search the boxes next to a chest that needs a crystal key.,Crystal chest,https://oldschool.runescape.wiki/images/4/4b/Cryptic_clue_-_search_boxes_near_crystal_chest.png
Search the bucket in the Port Sarim jail.,"Players can only enter the jail cell by incriminating yourself at the Shantay Pass. Talk to Shantay and identify yourself as an outlaw after asking what the place is. Once you are sent to the jail, refuse to pay the 5gp fine twice and you will be sent to the Port Sarim Jail.",https://oldschool.runescape.wiki/images/f/f9/Cryptic_clue_-_search_bucket_port_sarim_jail.png
Search the bush at the digsite centre.,The bush is on the east side of the west pathway towards the Digsite from the Exam Centre.,https://oldschool.runescape.wiki/images/8/84/Cryptic_clue_-_search_bush_digsite_centre.png
Search the chest in Barbarian Village.,The chest located in the house with a .,https://oldschool.runescape.wiki/images/d/dd/Cryptic_clue_-_search_chest_barbarian_village.png
Search the chest in the Duke of Lumbridge's bedroom.,The Duke's room is on the 2nd floor[US] in Lumbridge Castle.,https://oldschool.runescape.wiki/images/1/12/Cryptic_clue_-_search_chest_lumbridge_duke.png
Search the chest in the left-hand tower of Camelot Castle.,Located on the 3rd floor[US] of the western tower of Camelot.,https://oldschool.runescape.wiki/images/e/e3/Cryptic_clue_-_search_chest_left_tower_camelot.png
Search the chests in the Dwarven Mine.,"The chest is on the western wall, where Hura's Crossbow Shop is, in the Dwarven Mine.",https://oldschool.runescape.wiki/images/f/fa/Cryptic_clue_-_search_chests_dwarven_mine.png
Search the chests upstairs in Al Kharid Palace.,The chest is located in the north-east corner on the 2nd floor[US].,https://oldschool.runescape.wiki/images/7/74/Cryptic_clue_-_search_chests_al_kharid_palace.png
Search the Coffin in Edgeville.,Search the coffin located by the Wilderness teleport lever.,https://oldschool.runescape.wiki/images/9/9a/Cryptic_clue_-_search_coffin_edgeville.png
Search the crate in the left-hand tower of Lumbridge Castle.,Located on the 2nd floor[US] of the southern tower at the Lumbridge Castle entrance.,https://oldschool.runescape.wiki/images/3/31/Cryptic_clue_-_search_crate_left_tower_lumbridge.png
Search the crate in the Toad and Chicken pub.,The Toad and Chicken pub is located in Burthorpe.,https://oldschool.runescape.wiki/images/5/50/Cryptic_clue_-_search_crate_toad_chicken_pub.png
Search the crate near a cart in Port Khazard.,Search by the southern Khazard General Store in Port Khazard.,https://oldschool.runescape.wiki/images/0/07/Cryptic_clue_-_search_crate_port_khazard.png
Search the crates in a bank in Varrock.,Search in the basement of the West Varrock bank.,https://oldschool.runescape.wiki/images/3/36/Cryptic_clue_-_search_crates_west_varrock_bank.png
Search the crates in a house in Yanille that has a piano.,The house is located north-west of the bank.,https://oldschool.runescape.wiki/images/2/23/Cryptic_clue_-_search_crates_piano_yanille.png
Search the crates in Canifis.,"Search inside the shop, Rufus' Meat Emporium.",https://oldschool.runescape.wiki/images/e/ef/Cryptic_clue_-_search_crates_canifis.png
Search the crates in Draynor Manor.,Top floor of the manor.,https://oldschool.runescape.wiki/images/1/16/Cryptic_clue_-_search_crates_draynor_manor.png
Search the crates in East Ardougne's general store.,Located south of the Ardougne church.,https://oldschool.runescape.wiki/images/3/35/Cryptic_clue_-_search_crates_east_ardougne_general.png
Search the crates in Falador General store.,The Falador General Store can be found by the northern entrance to the city.,https://oldschool.runescape.wiki/images/e/e4/Cryptic_clue_-_search_crates_falador_general_store.png
Search the crates in Horvik's armoury.,Horvik's in Varrock.,https://oldschool.runescape.wiki/images/d/d4/Cryptic_clue_-_search_crates_horvik.png
Search the crates in the Barbarian Village helmet shop.,Peksa's Helmet Shop in Barbarian Village.,https://oldschool.runescape.wiki/images/5/5e/Cryptic_clue_-_search_crates_barbarian_village.png
Search the crates in the Dwarven mine.,Search the east of the Ice Mountain ladder entrance in the Drogo's Mining Emporium.,https://oldschool.runescape.wiki/images/2/2d/Cryptic_clue_-_search_crates_dwarven_mine.png
Search the crates in the guard house of the northern gate of East Ardougne.,The guard house is north-east of the Handelmort Mansion.,https://oldschool.runescape.wiki/images/1/1f/Cryptic_clue_-_search_crates_guard_house_east_ardougne.png
Search the crates in the most north-western house in Al Kharid.,"Search the crates in the house, marked with a  icon, south-east of the gem stall.",https://oldschool.runescape.wiki/images/b/b2/Cryptic_clue_-_search_crates_northwest_house_al_kharid.png
Search the crates in the outhouse of the long building in Taverley.,Located in the small building attached by a fence to the main building. Climb over the stile.,https://oldschool.runescape.wiki/images/e/ea/Cryptic_clue_-_search_crate_outhouse_taverley.png
Search the crates in the Port Sarim Fishing shop.,"Search the crates, by the door, in Gerrant's Fishy Business in Port Sarim.",https://oldschool.runescape.wiki/images/d/d2/Cryptic_clue_-_search_crates_port_sarim_fishing.png
Search the crate in Rommiks crafting shop in Rimmington.,The crates in Rommik's Crafty Supplies in Rimmington.,https://oldschool.runescape.wiki/images/c/ca/Cryptic_clue_-_search_crates_Rommiks_shop.png
Search the crates in the shed just north of East Ardougne.,The crates in the shed north of the northern Ardougne bank.,https://oldschool.runescape.wiki/images/6/6f/Cryptic_clue_-_search_crates_east_ardougne_shed.png
Search the crates near a cart in Varrock.,"South-east of Varrock Palace, south of the tree farming patch.",https://oldschool.runescape.wiki/images/5/52/Cryptic_clue_-_crate_near_varrock_cart_.png
Search the single crate in Horvik's smithy in Varrock.,Horvik's Smithy is found north-east of Varrock Square.,https://oldschool.runescape.wiki/images/2/22/Cryptic_clue_-_horvik%27s_single_crate.png
Search the drawers above Varrock's shops.,Located upstairs in Thessalia's Fine Clothes shop in Varrock.,https://oldschool.runescape.wiki/images/9/94/Cryptic_clue_-_search_drawers_varrock_shops.png
Search the drawers found upstairs in East Ardougne's houses.,Upstairs of the pub north of the Ardougne Castle.,https://oldschool.runescape.wiki/images/2/22/Cryptic_clue_-_search_drawers_east_ardougne.png
Search the drawers in a house in Draynor Village.,The drawer is located in the northernmost house in Draynor Village.,https://oldschool.runescape.wiki/images/d/d0/Cryptic_clue_-_draynor_village_drawers.png
Search the drawers in Catherby's Archery shop.,Hickton's Archery Emporium in Catherby.,https://oldschool.runescape.wiki/images/2/2b/Cryptic_clue_-_search_drawers_catherby_archery.png
Search the drawers in Falador's chain mail shop.,Wayne's Chains - Chainmail Specialist store at the southern Falador walls.,https://oldschool.runescape.wiki/images/4/4c/Cryptic_clue_-_search_drawers_falador_chain_mail_shop.png
Search the drawers in one of Gertrude's bedrooms.,"Kanel's bedroom (southeastern room), outside of west Varrock.",https://oldschool.runescape.wiki/images/e/e4/Cryptic_clue_-_search_drawers_gertrude.png
Search the drawers in the ground floor of a shop in Yanille.,Search the drawers in Yanille's hunting shop.,https://oldschool.runescape.wiki/images/8/84/Cryptic_clue_-_search_drawers_yanille_hunting_shop.png
Search the drawers in the house next to the Port Sarim mage shop.,House east of Betty's. Contains a cooking sink.,https://oldschool.runescape.wiki/images/0/03/Cryptic_clue_-_search_drawers_port_sarim_house.png
Search the drawers in the upstairs of a house in Catherby.,Perdu's house in Catherby.,https://oldschool.runescape.wiki/images/4/47/Cryptic_clue_-_search_drawers_upstairs_catherby.png
Search the drawers of houses in Burthorpe.,Inside Hild's house in the north-east corner of Burthorpe.,https://oldschool.runescape.wiki/images/2/24/Cryptic_clue_-_search_drawer_burthrope.png
Search the drawers on the first floor of a building overlooking Ardougne's Market.,Climb the ladder in the house north of the market.,https://oldschool.runescape.wiki/images/a/ac/Cryptic_clue_-_search_drawers_house_ardougne_market.png
Search the drawers upstairs in Falador's shield shop.,Cassie's Shield Shop at the northern Falador entrance.,https://oldschool.runescape.wiki/images/3/3b/Cryptic_clue_-_search_drawers_falador_shield_shop.png
"Search the drawers, upstairs in the bank to the East of Varrock.",East Varrock bank.,https://oldschool.runescape.wiki/images/4/44/Cryptic_clue_-_search_drawers_upstairs_bank_east_varrock.png
Search the drawers upstairs of houses in eastern part of Falador.,House is located east of the eastern Falador bank and south of the fountain. The house is indicated by the  icon on the minimap.,https://oldschool.runescape.wiki/images/c/c7/Cryptic_clue_-_search_drawers_falador_houses.png
Search the open crate found in the Hosidius kitchens.,The Hosidius Kitchen is east of the mess in Hosidius.,https://oldschool.runescape.wiki/images/9/94/Cryptic_clue_-_search_crates_in_hosidius_kitchen.png
Search the tents in the Imperial Guard camp in Burthorpe for some boxes.,Search in the tents in north-west corner of the camp.,https://oldschool.runescape.wiki/images/1/17/Cryptic_clue_-_search_tents_burthorpe.png
Search the wheelbarrow in Rimmington mine.,The Rimmington mining site is located north of Rimmington.,https://oldschool.runescape.wiki/images/1/1e/Cryptic_clue_-_search_wheelbarrow_rimmington_mine.png
Search through chests found in the upstairs of houses in eastern Falador.,The house is located south-west of the Falador Party Room. There are two chests in the room; search the northern chest.,https://oldschool.runescape.wiki/images/1/15/Cryptic_clue_-_search_chests_falador_upstairs.png
Search through some drawers in the upstairs of a house in Rimmington.,On the 2nd floor[US] of the house north of Hetty the Witch's house in Rimmington.,https://oldschool.runescape.wiki/images/e/e0/Cryptic_clue_-_search_drawers_rimmington.png
Search through some drawers found in Taverley's houses.,"The south-eastern most house, south of Jatix's Herblore Shop.",https://oldschool.runescape.wiki/images/b/b3/Cryptic_clue_-_search_drawers_taverley.png
Search upstairs in the houses of Seers' Village for some drawers.,Located in the house with the spinning wheel. South of the Seers' Village bank.,https://oldschool.runescape.wiki/images/7/7c/Cryptic_clue_-_search_drawers_seers_village.png
Someone watching the fights in the Duel Arena is your next destination.,"Talk to Jeed, found on the upper floors, at the Duel Arena.",https://oldschool.runescape.wiki/images/1/13/Cryptic_clue_-_talk_jeed_duel_arena.png
Speak to Arhein in Catherby.,Arhein is just south of the Catherby bank.,https://oldschool.runescape.wiki/images/3/38/Cryptic_clue_-_talk_arhein_catherby.png
"Speak to Doric, who lives north of Falador.",Doric is found north of Falador and east of the Taverley gate.,https://oldschool.runescape.wiki/images/a/a7/Cryptic_clue_-_speak_doric_falador.png
Speak to Ellis in Al Kharid.,Ellis is the tanner just north of the Al Kharid bank.,https://oldschool.runescape.wiki/images/d/de/Cryptic_clue_-_talk_ellis_al_kharid.png
Speak to Gaius in Taverley.,Gaius is found at the north-west corner in Taverley.,https://oldschool.runescape.wiki/images/2/27/Cryptic_clue_-_speak_gaius_taverley.png
Speak to Hans to solve the clue.,Hans can be found at Lumbridge Castle.,https://oldschool.runescape.wiki/images/1/14/Cryptic_clue_-_speak_hans_lumbridge.png
Speak to Jatix in Taverley.,Jatix is found in the middle of Taverley.,https://oldschool.runescape.wiki/images/8/81/Cryptic_clue_-_speak_jatix_taverley.png
Speak to Ned in Draynor Village.,Ned is found north or the Draynor bank.,https://oldschool.runescape.wiki/images/3/30/Cryptic_clue_-_speak_ned_draynor.png
Speak to Rusty north of Falador.,Rusty can be found north-east of Falador on the way to the Mind altar.,https://oldschool.runescape.wiki/images/6/66/Cryptic_clue_-_speak_rusty_falador.png
Speak to Sarah at Falador farm.,"Talk to Sarah at Falador farm, north of Port Sarim.",https://oldschool.runescape.wiki/images/8/81/Cryptic_clue_-_speak_sarah_falador_farm.png
Speak to Sir Kay in Camelot Castle.,Sir Kay can be found in the courtyard at Camelot Castle.,https://oldschool.runescape.wiki/images/5/5a/Cryptic_clue_-_speak_sir_kay_camelot.png
Speak to the bartender of the Blue Moon Inn in Varrock.,Talk to the bartender in Blue Moon Inn in Varrock.,https://oldschool.runescape.wiki/images/a/ac/Cryptic_clue_-_speak_bartender_blue_moon_inn_varrock.png
Speak to the Lady of the Lake.,Talk to the Lady of the Lake in Taverley.,https://oldschool.runescape.wiki/images/8/85/Cryptic_clue_-_speak_lady_of_the_lake.png
Speak to the staff of Sinclair mansion.,"Speak to Louisa, on the 1st floor[US], found at the Sinclair Mansion.",https://oldschool.runescape.wiki/images/6/6c/Cryptic_clue_-_speak_louisa_sinclair_mansion.png
Strength potions with red spiders' eggs? He is quite a herbalist.,Talk to Apothecary in South-western Varrock. (The) Apothecary is just north-west of the Varrock Swordshop.,https://oldschool.runescape.wiki/images/9/99/Cryptic_clue_-_talk_apothecary_varrock.png
Surrounded by white walls and gems.,"Talk to Herquin, the gem store owner in Falador.",https://oldschool.runescape.wiki/images/9/97/Cryptic_clue_-_herquin_falador.png
Talk to Ali the Leaflet Dropper north of the Al Kharid mine.,Ali the Leaflet Dropper can be found roaming north of the Al Kharid mine.,https://oldschool.runescape.wiki/images/7/74/Cryptic_clue_-_talk_ali_the_leaflet_dropper.png
Talk to Ambassador Spanfipple in the White Knights Castle.,Ambassador Spanfipple can be found roaming on the 2nd floor[US] of the White Knights' Castle.,https://oldschool.runescape.wiki/images/5/54/Cryptic_clue_-_talk_ambassador_spanfipple.png
Talk to a party-goer in Falador.,Lucy is the bartender on the 2nd floor[US] of the Party Room.,https://oldschool.runescape.wiki/images/7/73/Cryptic_clue_-_talk_lucy_falador.png
Talk to Cassie in Falador.,Cassie is found just south-east of the northern Falador gate.,https://oldschool.runescape.wiki/images/c/c4/Cryptic_clue_-_speak_cassie_falador.png
Talk to Charles in Port Piscarilius.,Charles is found by Veos' ship in Port Piscarilius.,https://oldschool.runescape.wiki/images/0/0e/Cryptic_clue_-_talk_to_charles.png
Talk to the cook in the Blue Moon Inn in Varrock.,The Blue Moon Inn can be found by the southern entrance to Varrock.,https://oldschool.runescape.wiki/images/0/01/Cryptic_clue_-_talk_to_blue_moon_cook.png
Talk to Ermin.,Ermin can be found on the 2nd floor[US] of the tree house south-east of the Gnome Agility Course.,https://oldschool.runescape.wiki/images/1/1b/Cryptic_clue_-_talk_ermin.png
Talk to the barber in the Falador barber shop.,"The Hairdresser can be found in the barber shop, north of the west Falador bank.",https://oldschool.runescape.wiki/images/1/14/Cryptic_clue_-_talk_hairdresser_falador_barber_shop.png
Talk to the bartender of the Rusty Anchor in Port Sarim.,"The Bartender can be found in the Rusty Anchor Inn, which is located in the northern part of Port Sarim.",https://oldschool.runescape.wiki/images/9/94/Cryptic_clue_-_talk_bartender_rusty_anchor.png
Talk to the Doomsayer.,The Doomsayer can be found just north of Lumbridge Castle entrance.,https://oldschool.runescape.wiki/images/6/6e/Cryptic_clue_-_talk_doomsayer.png
Talk to Morgan in his house at Draynor Village.,Morgan can be found in the house with the  map icon.,https://oldschool.runescape.wiki/images/5/5e/Cryptic_clue_-_talk_morgan.png
Talk to the mother of a basement dwelling son.,"Evil Dave's mother, Doris, is located in the house west of Edgeville bank.",https://oldschool.runescape.wiki/images/e/e6/Cryptic_clue_-_talk_doris_edgeville.png
Talk to the Squire in the White Knights' castle in Falador.,The Squire is located in the courtyard of the White Knights' Castle.,https://oldschool.runescape.wiki/images/c/c5/Cryptic_clue_-_talk_squire_falador.png
Talk to Turael in Burthorpe.,Turael is located in the small house east of The Toad and Chicken inn.,https://oldschool.runescape.wiki/images/7/78/Cryptic_clue_-_talk_to_Turael.png
Talk to Wayne at Wayne's Chains in Falador.,Wayne's shop is found directly south of the White Knights' Castle.,https://oldschool.runescape.wiki/images/b/bf/Cryptic_clue_-_talk_to_wayne.png
Talk to Zeke in Al Kharid.,Zeke is the owner of the scimitar shop in Al Kharid.,https://oldschool.runescape.wiki/images/2/2f/Cryptic_clue_-_talk_zeke_al_kharid.png
"Thanks, Grandma!",Tynan can be found in the north-east corner of Port Piscarilius.,https://oldschool.runescape.wiki/images/d/db/Cryptic_clue_-_talk_to_tynan.png
The hand ain't listening.,Talk to The Face located by the manhole just north of the Port Sarim fishing shop.,https://oldschool.runescape.wiki/images/d/d2/Cryptic_clue_-_talk_to_the_face.png
A town with a different sort of night-life is your destination.Search for some crates in one of the houses.,Search the crate inside of the clothes shop in Canifis.,https://oldschool.runescape.wiki/images/1/1b/Cryptic_clue_-_search_crate_barkers_canifis.png
Find a crate close to the monks that like to paaarty!,"The crate is in the east side of the Kandarin Monastery, which is south of Ardougne and where Brother Omad is found.",https://oldschool.runescape.wiki/images/f/f9/Cryptic_clue_-_search_crate_yanille_monastery.png
"Go to the village being attacked by trolls, search the drawers in one of the houses.",Go to Dunstan's house in the north-east corner of Burthorpe. Kill Penda in The Toad and Chicken to obtain the key.,https://oldschool.runescape.wiki/images/3/35/Cryptic_clue_-_search_drawers_dunstan_burthrope.png
"Go to this building to be illuminated, and check the drawers while you are there.","The 2nd floor[US] of the Lighthouse (fairy ring code alp).Kill a Rellekka marketplace guard to obtain the key. (NOTE: Starting the Horror from the Deep quest and speaking to Gunnjorn to obtain the Lighthouse key is required! Level 35 Agility is required to talk to Gunnjorn. You must also repair the bridge with two wooden planks, a hammer and 60 steel nails.)",https://oldschool.runescape.wiki/images/0/02/Cryptic_clue_-_search_drawers_lighthouse.png
"I'd like to hear some music. Come and see me on the bridge in Falador Park, and play: <some music>Thanks, Cecilia","Speak to Cecilia, who is located on the bridge in Falador Park.",https://oldschool.runescape.wiki/images/3/3b/Cryptic_clue_-_talk_to_Cecilia.png
"In a town where everyone has perfect vision, seek some locked drawers in a house that sits opposite a workshop.","The drawers is in Seers' Village in the house south of the Elemental Workshop entrance.Kill any chicken to obtain a key. (Note: The closest chicken is just by the entrance of the Ranging Guild, west of Seers' Village.)",https://oldschool.runescape.wiki/images/6/63/Cryptic_clue_-_search_drawer_seers_village.png
"In a town where the guards are armed with maces, search the upstairs rooms of the Public House.",Search the drawers in the pub north of Ardougne Castle.Kill a guard dog at Handelmort Mansion to obtain the key.,https://oldschool.runescape.wiki/images/2/22/Cryptic_clue_-_search_drawers_east_ardougne.png
"In a town where thieves steal from stalls, search for some drawers in the upstairs of a house near the bank.","Kill any guard located around East Ardougne for a medium key. Then, search the drawers in the upstairs hallway of Jerico's house, which is the house with pigeon cages located south of the northern East Ardougne bank.",https://oldschool.runescape.wiki/images/2/20/Cryptic_clue_-_search_drawers_jerico_east_ardougne.png
"In a town where wizards are known to gather, search upstairs in a large house to the north.",Travel to Yanille and head to the house northwest of the bank. Kill a man nearby to receive a key. Go upstairs in the house and search the chest.,https://oldschool.runescape.wiki/images/6/68/Cryptic_clue_-_search_chest_yanille.png
"In a village made of bamboo, look for some crates under one of the houses.",Search the crate by the house at the northern point of the broken jungle fence in Tai Bwo Wannai.,https://oldschool.runescape.wiki/images/e/ea/Cryptic_clue_-_search_crates_tai_bwo_wannai.png
Probably filled with wizards socks.,Kill one of the wizards for the key. Search the drawers in the basement of the Wizards' Tower south of Draynor Village. (Fairy Ring D-I-S),https://oldschool.runescape.wiki/images/0/06/Cryptic_clue_-_search_drawer_wizard_tower.png
Search the upstairs drawers of a house in a village where pirates are known to have a good time.,"The house in the south-east corner of Brimhaven, north-east of Davon's Amulet Store.Kill any pirate located around Brimhaven to obtain the key.",https://oldschool.runescape.wiki/images/4/46/Cryptic_clue_-_search_drawers_brimhaven.png
Speak to a referee.,Talk to a Gnome ball referee found on the Gnome Ball field in the Gnome Stronghold. You will receive a challenge scroll that you have to answer.Answer: 5096,https://oldschool.runescape.wiki/images/c/cc/Cryptic_clue_-_speak_gnomeball_referee.png
"Speak to Donovan, the Family Handyman.",Donovan the Family Handyman is found on the 2nd floor[US] of Sinclair Mansion.,https://oldschool.runescape.wiki/images/7/74/Cryptic_clue_-_speak_donovan_sinclair_mansion.png
Speak to Hajedy.,"Hajedy is found by the cart, located just south of the Brimhaven docks.",https://oldschool.runescape.wiki/images/0/0a/Cryptic_clue_-_speak_hajedy_brimhaven.png
Speak to Hazelmere.,Hazelmere is located east of Yanille. The code cls will take you directly next to his house. Answer: 6859,https://oldschool.runescape.wiki/images/f/f7/Cryptic_clue_-_speak_hazelmere.png
Speak to Kangai Mau.,Kangai Mau is found in the Shrimp and Parrot in Brimhaven.,https://oldschool.runescape.wiki/images/5/58/Cryptic_clue_-_speak_kangai_mau.png
Speak to Roavar.,Talk to Roavar in the Canifis tavern.,https://oldschool.runescape.wiki/images/f/f4/Cryptic_clue_-_talk_roavar_canifis.png
Speak to Ulizius.,Ulizius is the monk who guards the gate into Mort Myre Swamp.,https://oldschool.runescape.wiki/images/7/7e/Cryptic_clue_-_speak_ulizius_canifis.png
"The dead, red dragon watches over this chest. He must really dig the view.",Search the chest underneath the Red Dragon's head in the Exam Centre.Kill a barbarian in Barbarian Village or Barbarian Outpost to receive the key.,https://oldschool.runescape.wiki/images/1/1a/Cryptic_clue_-_search_chest_exam_centre.png
The treasure is buried in a small building full of bones. Here is a hint: it's not near a graveyard.,It's in the western building at the Rag and Bone Man's site near the limestone quarry east of Varrock. Dig south of the box of bones in the smaller building.,https://oldschool.runescape.wiki/images/1/1a/Cryptic_clue_-_dig_near_box_of_bones.png
This crate holds a better reward than a broken arrow.,Inside the Ranging Guild. Search the crate behind the northern most building.,https://oldschool.runescape.wiki/images/1/16/Cryptic_clue_-_search_crate_ranging_guild.png
"This crate is mine, all mine, even if it is in the middle of the desert.",Centre of the Desert Mining Camp. Search the crates. Requires the metal key from The Tourist Trap to enter.,https://oldschool.runescape.wiki/images/8/8b/Cryptic_clue_-_search_crate_desert_mining_camp.png
Try not to step on any aquatic nasties while searching this crate.,Search the crate in Bailey's house on the Fishing Platform.,https://oldschool.runescape.wiki/images/9/97/Cryptic_clue_-_search_crate_fishing_platform.png
You'll need to look for a town with a central fountain. Look for a locked chest in the town's chapel.,"Search the chest by the stairs in the Varrock church, east of the palace.Kill a monk in Ardougne Monastery to obtain the key.",https://oldschool.runescape.wiki/images/a/a9/Cryptic_clue_-_search_chest_varrock_church.png
"46 is my number. My body is the colour of burnt orange and crawls among those with eight. Three mouths I have, yet I cannot eat. My blinking blue eye hides my grave.",Dig on top of the sapphire spawn in the Spiders' nest in level 46 Wilderness (north-west of Lava Dragon Isle).,https://oldschool.runescape.wiki/images/a/a4/Cryptic_clue_-_dig_spider_nest_wilderness.png
"A bag belt only?', he asked his balding brothers.",Talk to Abbot Langley in the monastery near Edgeville.,https://oldschool.runescape.wiki/images/d/de/Cryptic_clue_-_speak_Abbot_Langley.png
"Aggie I see, Lonely and southern I feel I am neither inside nor outside the house yet no house would be complete without me. The treasure lies beneath me!",Dig outside the window of Aggie the Witch's house in Draynor Village.,https://oldschool.runescape.wiki/images/c/c2/Cryptic_clue_-_dig_aggie%27s_window.png
A general who sets a 'shining' example.,Speak to General Hining found at Tyras Camp.,https://oldschool.runescape.wiki/images/8/8e/Cryptic_clue_-_speak_to_General_Hining.png
A great view - watch the rapidly drying hides get splashed.,"Almera's house north of Baxtorian Falls, search the boxes on the 2nd floor[US].",https://oldschool.runescape.wiki/images/b/bc/Cryptic_clue_-_search_box_almera.png
AIQ 0440,Dig 4 steps east and 4 steps south of the centre of the fairy ring aiq (Mudskipper Point).,https://oldschool.runescape.wiki/images/0/07/Cryptic_clue_-_AIQ_0440.png
AIR 2331,Dig 2 steps east and 1 step south of the centre of the fairy ring.,https://oldschool.runescape.wiki/images/2/2b/Cryptic_clue_-_AIR_2331.png
ALP 1140,Dig 1 step east and 3 steps south of the centre of the fairy ring by the Lighthouse.,https://oldschool.runescape.wiki/images/6/61/Cryptic_clue_-_ALP_1440.png
"And so on, and so on, and so on.Walking from the land of many unimportant things leads to a choice of paths.",Dig on Etceteria next to the evergreen tree in front of the castle walls.,https://oldschool.runescape.wiki/images/8/81/Cryptic_clue_-_dig_etceteria.png
"Between where the best are commemorated for a year, and a celebratory cup, not just for beer.",Dig at the Clan Cup Trophy at Clan Wars.,https://oldschool.runescape.wiki/images/c/ca/Cryptic_clue_-_clan_wars_cup.png
BIP 7013,Dig 6 steps north and 3 steps west of the centre of the fairy ring bip (Fairytale II - Cure a Queen or 50 Agility required).,https://oldschool.runescape.wiki/images/e/e7/Cryptic_clue_-_BIP_7013.png
BJR 1123,Dig 1 steps south and 2 steps west of the centre of the fairy ring bjr. Partial completion of the Holy Grail quest is required to enter this area.,https://oldschool.runescape.wiki/images/1/13/Cryptic_clue_-_BJR_1123.png
BLP 6200,Dig 6 steps north and 2 steps east of the centre of the fairy ring blp.,https://oldschool.runescape.wiki/images/9/99/Cryptic_clue_-_BLP_6200.png
CIS 0009,"Dig 9 steps west of the centre of the fairy ring. Fairy Ring Code CIS (You can also use Skills necklace to teleport to the Woodcutting Guild and run north), (or use games necklace to teleport to Wintertodt camp and walk south.)",https://oldschool.runescape.wiki/images/0/01/Cryptic_clue_-_CIS_0009.png
Citric cellar.,Speak to Heckel Funch on the 2nd floor[US] in the Grand Tree.,https://oldschool.runescape.wiki/images/a/ab/Cryptic_clue_-_speak_heckel_funch.png
CKP 0224,Dig 2 steps south and 2 steps west of the centre of the fairy ring. Fairy Ring Code CKP,https://oldschool.runescape.wiki/images/a/a9/Cryptic_clue_-_CKP_0224.png
Come have a cip with this great soot covered denizen.,Talk to Miner Magnus east of the fairy ring (code cip).Answer: 8,https://oldschool.runescape.wiki/images/f/fb/Cryptic_clue_-_talk_to_Miner_Magnus.png
"Come to the evil ledge, Yew know yew want to. Try not to get stung.","Dig in Edgeville, just east of the southern yew tree.",https://oldschool.runescape.wiki/images/9/93/Cryptic_clue_-_come_to_the_evil_ledge.png
"Covered in shadows, the centre of the circle is where you will find the answer.","Dig in the centre of Mort'ton, where the roads intersect. Just south of Razmire Keelgan.",https://oldschool.runescape.wiki/images/6/6b/Cryptic_clue_-_dig_centre_circle_mort%27ton.png
Dig where 4 siblings and I all live with our evil overlord.,Dig in the chicken pen inside the Champions' Guild. Requires 32 quest points to enter.,https://oldschool.runescape.wiki/images/1/1c/Cryptic_clue_-_dig_chicken_pen_in_champion%27s_guild.png
DIP 8511,Dig 7 steps north and 4 steps east of the centre of the fairy ring.,https://oldschool.runescape.wiki/images/3/32/Cryptic_clue_-_DIP_8511.png
DKS 2310,Dig 1 step north and 3 steps east of the centre of the fairy ring dks (north east of Rellekka).,https://oldschool.runescape.wiki/images/9/94/Cryptic_clue_-_DKS_2310.png
"Four blades I have, yet draw no blood; Still I turn my prey to powder. If you are brave, come search my roof; It is there my blades are louder.","Lumbridge windmill, search the crates on the top floor.",https://oldschool.runescape.wiki/images/9/98/Cryptic_clue_-_search_crate_Lumbridge_windmill.png
"Generally speaking, his nose was very bent.","Talk to General Bentnoze, found in the topmost part of Goblin Village; he'll give you a puzzle box.",https://oldschool.runescape.wiki/images/0/0e/Cryptic_clue_-_bentnoze_goblin_village.png
"Gold I see, yet gold I require. Give me 875 if death you desire.",Speak to Saniboch at the Brimhaven Dungeon entrance.,https://oldschool.runescape.wiki/images/5/56/Cryptic_clue_-_speak_saniboch.png
He knows just how easy it is to lose track of time.,Speak to Brother Kojo in the Clock Tower. Answer: 22.,https://oldschool.runescape.wiki/images/3/37/Cryptic_clue_-_talk_to_Brother_Kojo.png
"His head might be hollow, but the crates nearby are filled with surprises.",Search the crates near the Clay golem in the ruins of Uzer.,https://oldschool.runescape.wiki/images/e/e6/Cryptic_clue_-_search_crate_uzer.png
"I'd like to hear some music. Come and see me on the bridge in Falador Park, and play: <some music>Thanks, Cecilia","Speak to Cecilia, who is located on the bridge in Falador Park.",https://oldschool.runescape.wiki/images/3/3b/Cryptic_clue_-_talk_to_Cecilia.png
"I am a token of the greatest love. I have no beginning or end. My eye is red, I can fit like a glove. Go to the place where it's money they lend,And dig by the gate to be my friend.",Dig by the gate in the basement of the West Varrock bank.,https://oldschool.runescape.wiki/images/5/56/Cryptic_clue_-_dig_west_varrock_bank_basement.png
Identify the back of this over-acting brother.(He's a long way from home.),"Talk to Hamid, the monk at the altar in the Duel Arena. You will receive a puzzle box.",https://oldschool.runescape.wiki/images/3/3f/Cryptic_clue_-_hamid_duel_arena.png
"If a man carried my burden, he would break his back. I am not rich, but leave silver in my track. Speak to the keeper of my trail.",Speak to Gerrant in the fish shop in Port Sarim.,https://oldschool.runescape.wiki/images/e/e3/Cryptic_clue_-_speak_to_Gerrant.png
"If you look closely enough, it seems that the archers have lost more than their needles.",Search the haystack by the south corner of the Rangers' Guild. You need level 40 Ranged to access it.,https://oldschool.runescape.wiki/images/3/31/Cryptic_clue_-_search_haystack_ranging_guild.png
"I have many arms but legs, I have just one, I have little family but my seed, You can grow on, I am not dead, yet I am but a spirit, and my power on your quests, you will earn the right to free it.",Spirit tree in Tree Gnome Village.Answer: 13112221,https://oldschool.runescape.wiki/images/0/0e/Cryptic_clue_-_talk_to_spirit_tree.png
"I lie lonely and forgotten in mid wilderness, where the dead rise from their beds.Feel free to quarrel and wind me up and dig while you shoot their heads.",Directly under the crossbow respawn in the Graveyard of Shadows in level 18 Wilderness.,https://oldschool.runescape.wiki/images/b/bc/Cryptic_clue_-_dig_graveyard_wilderness.png
"In the city where merchants are said to have lived, talk to a man with a splendid cape, but a hat dropped by goblins.",Talk to the head chef in Cooks' Guild west of Varrock. Remember to wear a Chef's Hat.,https://oldschool.runescape.wiki/images/0/01/Cryptic_clues_-_Head_chef.png
"It seems to have reached the end of the line, and it's still empty.",Search the carts in the northern part of the Dwarven Mine.,https://oldschool.runescape.wiki/images/e/e3/Cryptic_clue_-_search_cart_dwarven_mine.png
I watch the sea. I watch you fish. I watch your tree.,Speak to Ellena at Catherby fruit tree patch.,https://oldschool.runescape.wiki/images/f/f0/Cryptic_clue_-_talk_ellena_catherby.png
Leader of the Yak City.,Talk to Mawnis Burowgar in Neitiznot. Fremennik Isles jester part required.,https://oldschool.runescape.wiki/images/1/16/Cryptic_clue_-_Talk_Mawnis_Neitiznot.png
"Mine was the strangest birth under the sun. I left the crimson sack, yet life had not begun. Entered the world, and yet was seen by none.","Inside Karamja Volcano, dig directly underneath the red spiders' eggs respawn.",https://oldschool.runescape.wiki/images/4/45/Cryptic_clue_-_dig_karamja_volcano.png
Must be full of railings.,"Search the boxes around the hut where the broken dwarf cannon is, close to the start of the Dwarf Cannon quest (Northwest of the Fishing Guild).",https://oldschool.runescape.wiki/images/e/e8/Cryptic_clue_-_search_boxes_south_Coal_Trucks.png
"My giant guardians below the market streets would be fans of rock and roll, if only they could grab hold of it. Dig near my green bubbles!",Dig near the cauldron by moss giants under Varrock Sewers. A slash weapon or knife is required to navigate through the sewers.Players with 51 Agility can use the shortcut pipe from Edgeville Dungeon to direct access the clue location; a slash weapon or knife is not required in this case.,https://oldschool.runescape.wiki/images/1/15/Cryptic_clue_-_dig_varrock_sewers.png
"My home is grey, and made of stone; A castle with a search for a meal. Hidden in some drawers I am, across from a wooden wheel.",Open the drawers inside the room with the spinning wheel on the 2nd floor[US] of Lumbridge Castle.,https://oldschool.runescape.wiki/images/1/15/Cryptic_clue_-_search_drawers_lumbridge_castle.png
"My name is like a tree, yet it is spelt with a 'g'.Come see the fur which is right near me.","Speak to Wilough, next to the fur merchant in Varrock Square.",https://oldschool.runescape.wiki/images/4/48/Cryptic_clue_-_speak_wilough_varrock.png
"Often sought out by scholars of histories past, find me where words of wisdom speak volumes.",Speak to an examiner at the Exam Centre. You might need to talk to several different examiners.,https://oldschool.runescape.wiki/images/5/5c/Cryptic_clue_-_speak_examiner.png
Probably filled with books on magic.,Search the bookcase in the basement of Wizards' Tower.,https://oldschool.runescape.wiki/images/1/11/Cryptic_clue_-_search_bookcase_wizard_tower.png
Read 'How to breed scorpions.' By O.W.Thathurt.,Search the northern bookcase on the 2nd floor[US] of the Sorcerer's Tower.,https://oldschool.runescape.wiki/images/6/60/Cryptic_clue_-_search_bookcase_sorcerer_tower.png
Rotting next to a ditch. Dig next to the fish.,Dig next to a fishing spot on the south-east side of Burgh de Rott.,https://oldschool.runescape.wiki/images/f/ff/Cryptic_clue_-_Dig_next_to_the_fish.png
Small shoe.'Often found with rod on mushroom.,Talk to any Gnome trainer in the Agility area of the Tree Gnome Stronghold.,https://oldschool.runescape.wiki/images/e/e4/Cryptic_clue_-_talk_gnome_trainer.png
"Snah? I feel all confused, like one of those cakes...",Talk to Hans roaming around Lumbridge Castle.,https://oldschool.runescape.wiki/images/0/0a/Cryptic_clue_-_talk_hans.png
Surprising? I bet he is...,Talk to Sir Prysin in Varrock Palace.,https://oldschool.runescape.wiki/images/f/f2/Cryptic_clue_-_sir_prysin_varrock.png
Surviving.,Talk to Sir Vyvin on the 3rd floor[US] of Falador Castle (east side).,https://oldschool.runescape.wiki/images/9/99/Cryptic_clue_-_Surviving.png
"The beasts to my east snap claws and tails, The rest to my west can slide and eat fish. The force to my north will jump and they'll wail, Come dig by my fire and make a wish.","Dig by the torch in the Ardougne Zoo, between the penguins and the scorpions.",https://oldschool.runescape.wiki/images/9/9d/Cryptic_clue_-_dig_ardougne_zoo.png
"The cheapest water for miles around, but they react badly to religious icons.","Search the crates in the General Store tent in the Bandit Camp, south of the Bedabin Camp.",https://oldschool.runescape.wiki/images/0/05/Cryptic_clue_-_search_crate_bandit_camp.png
The effects of this fire are magnified.,Dig by the fire beside Ket'sal K'uk in the westernmost part of the Kebos Swamp.,https://oldschool.runescape.wiki/images/4/44/Cryptic_clue_-_dig_Kebos_Swamp.png
The keeper of Melzars...Spare? Skeleton? Anar?,Speak to Oziach in Edgeville.,https://oldschool.runescape.wiki/images/0/02/Cryptic_clue_-_oziach_edgeville.png
The King's magic won't be wasted by me.,"Talk to the Guardian mummy inside the Pyramid Plunder minigame in Sophanem. Partial completion of Icthlarin's Little Helper is required. The mummy will only be found in one of the four entrances, this might require players to check the other entrances.",https://oldschool.runescape.wiki/images/c/c1/Cryptic_clue_-_talk_to_guardian_mummy.png
"The magic of 4 colours, an early experience you could learn. The large beast caged up top, rages, as his demised kin's loot now returns.",Speak to Wizard Mizgog at the top of the Wizards' Tower south of Draynor.,https://oldschool.runescape.wiki/images/f/fb/Cryptic_clue_-_talk_to_wizard_mizgog.png
The mother of the reptilian sacrifice.,Talk to Zul-Cheray in a house near the sacrificial boat at Zul-Andra.,https://oldschool.runescape.wiki/images/6/60/Cryptic_clue_-_talk_to_zul-cheray.png
There is no 'worthier' lord.,Speak to Lord Iorwerth in the elven camp near Prifddinas. He will give you a puzzle box to solve.,https://oldschool.runescape.wiki/images/3/3f/Cryptic_clue_-_talk_to_lord_iorwerth.png
THEY'RE EVERYWHERE!!!! But they were here first. Dig for treasure where the ground is rich with ore.,"Dig at Barbarian Village, next to the Stronghold of Security.",https://oldschool.runescape.wiki/images/a/a2/Cryptic_clue_barbarian_village_dig.png
This aviator is at the peak of his profession.,"Captain Bleemadge, the gnome glider pilot, is found at the top of White Wolf Mountain.",https://oldschool.runescape.wiki/images/9/91/Cryptic_clue_-_talk_captain_bleemadge.png
This village has a problem with cartloads of the undead.Try checking the bookcase to find an answer.,Search the bookcase by the doorway of the building just south-east of the Shilo Village Gem Mine.,https://oldschool.runescape.wiki/images/4/48/Cryptic_clue_-_search_bookcase_shilo.png
"When no weapons are at hand, then is the time to reflect. In Saradomin's name, redemption draws closer...","On Entrana, search the southern drawer in the house with the cooking range on the western side of the island.",https://oldschool.runescape.wiki/images/2/2a/Cryptic_clue_-_when_no_weapons_are_at_hand.png
"When you get tired of fighting, go deep, deep down until you need an antidote.","Go to Yanille Agility dungeon and fall into the place with the poison spiders, either by repeatedly walking across the balancing ledge (level 40 Agility required) or praying at the altar of Zamorak. Search the crate by the stairs leading up.",https://oldschool.runescape.wiki/images/3/36/Cryptic_clue_-_When_you_get_tired_of_fighting.png
You have all of the elements available to solve this clue.Fortunately you do not have to go as far as to stand in a draft.,"Requirements: Started Elemental Workshop ISearch the crate, just west of the Air elementals, inside the Elemental Workshop. Note: A battered key is required to enter to workshop.",https://oldschool.runescape.wiki/images/5/5a/Cryptic_clue_-_search_crate_elemental_workshop.png
You will need to under-cook to solve this one.,Search the crate in the Lumbridge basement.,https://oldschool.runescape.wiki/images/4/45/Cryptic_clue_-_search_crate_lumbridge_basement.png
A demon's best friend holds the next step of this clue.,Kill a hellhound.Note: Killing Cerberus or hellhounds inside the God Wars Dungeon does not count.,https://oldschool.runescape.wiki/images/d/d6/Cryptic_clue_-_kill_hellhound.png
A Guthixian ring lies between two peaks. Search the stones and you'll find what you seek.,"Search the stones several steps west of the Guthixian stone circle in Taverley, search the stones.",https://oldschool.runescape.wiki/images/f/f1/Cryptic_clue_-_search_stones_Taverley.png
A reck you say; let's pray there aren't any ghosts.,Speak to Father Aereck in Lumbridge.,https://oldschool.runescape.wiki/images/d/d3/Cryptic_clue_-_talk_Father_Aereck.png
A ring of water surrounds 4 powerful rings. Dig by the ladder that is located there.,Dig by the ladder leading to the Dagannoth Kings' room in the Waterbirth Island Dungeon.,https://oldschool.runescape.wiki/images/f/f1/Cryptic_clue_-_dig_dagannoth_kings.png
"Desert insects is what I see, Taking care of them was my responsibility. Your solution is found by digging near me.","Dig next to the entomologist, in the Kalphite Cave east of Shantay Pass.",https://oldschool.runescape.wiki/images/a/a3/Cryptic_clue_-_Desert_insects.png
Dig under Razorlor's toad batta.,"Dig on the toad batta spawn in Tarn's Lair. See this map for directions. From the entrance, follow the route C-K, or, alternatively, D-S-Q-P-O-N-M-L.Or faster: from the Slayer ring teleport, east, jump west past mages, get pushed by wall crushers, south, south, west, west, south, search the tile (floor) to deactivate the log trap and jump over, south, south, ""go down"", but you'll fall right where the toad batta is.",https://oldschool.runescape.wiki/images/a/a3/Cryptic_clue_-_dig_Tarn%27s_lair.png
Dig where the forces of Zamorak and Saradomin collide.,"Dig next to the law rift in the Abyss, in the north-east section.",https://oldschool.runescape.wiki/images/4/48/Cryptic_clue_-_Dig_Abyss_law_rift.png
"Dobson is my last name, and with gardening I seek fame.","Horacio, located in the garden of the Handelmort Mansion in East Ardougne.",https://oldschool.runescape.wiki/images/f/fd/Cryptic_clue_-_speak_to_Horacio.png
Does one really need a fire to stay warm here?,Located next to the fire near the Volcanic Mine entrance on the Fossil Island Volcano.,https://oldschool.runescape.wiki/images/7/75/Cryptic_clue_-_a_fire_to_stay_warm.png
Even the seers say this clue goes right over their heads.,Search the crate on the Seers' Village Rooftop Course. Requires 60 Agility (can be boosted from 55 with a Summer pie).,https://oldschool.runescape.wiki/images/1/1e/Cryptic_clue_-_Seers_rooftop_crate.png
Ghostly bones.,"Kill an Ankou, which can be found on the 4th level of Stronghold of Security, the Stronghold Slayer Cave, the Catacombs of Kourend, and The Forgotten Cemetery.",https://oldschool.runescape.wiki/images/5/54/Cryptic_clue_-_kill_ankou.png
"Green is the colour of my death as the winter-guise, I swoop towards the ground.","Required: , partial completion of Troll Romance.Players need to slide down to where Trollweiss grows on Trollweiss Mountain.",https://oldschool.runescape.wiki/images/8/85/Cryptic_clue_-_dig_trollweiss_flowers.png
Has no one told you it is rude to ask a lady her age?,Speak to Mawrth in Lletya,https://oldschool.runescape.wiki/images/6/66/Cryptic_clue_-_speak_to_Mawrth.png
His bark is worse than his bite.,Speak to Barker at Canifis's Barkers' Haberdashery.,https://oldschool.runescape.wiki/images/b/ba/Cryptic_clue_-_speak_to_Barker.png
I am the one who watches the giants. The giants in turn watch me. I watch with two while they watch with one. Come seek where I may be.,Speak to Kamfreena on the top floor of the Warriors' Guild.,https://oldschool.runescape.wiki/images/6/6e/Cryptic_clue_-_speak_kamfreena_warriors.png
I burn between heroes and legends.,Speak to the candle maker in Catherby.,https://oldschool.runescape.wiki/images/8/8f/Cryptic_clue_-_speak_to_candle_maker.png
I live in a deserted crack collecting soles.,"Enter the crack west of Nardah rug merchant, and talk to the genie. A rope and a lightsource are required (partial completion of Spirits of the Elid required).",https://oldschool.runescape.wiki/images/0/03/Cryptic_clue_-_nardah_genie.png
In a while...,Kill a crocodile.,https://oldschool.runescape.wiki/images/7/7f/Cryptic_clue_-_in_a_while....png
Let's hope you don't meet a watery death when you encounter this fiend.,Kill a waterfiend.,https://oldschool.runescape.wiki/images/1/10/Cryptic_clue_-_kill_waterfiend.png
"Mix yellow with blue and add heat, make sure you bring protection.",Kill a green dragon or brutal green dragon. Players who have completed Dragon Slayer II can use the Myths' Guild basement to kill green dragons outside the Wilderness.,https://oldschool.runescape.wiki/images/5/54/Cryptic_clue_-_kill_green_dragon.png
"More resources than I can handle, but in a very dangerous area. Can't wait to strike gold!","Dig in the centre of the three gold rocks in the Resource Area deep in the Wilderness. An entry fee of 7,500 coins is required (6,000 if the medium Wilderness Diary is completed, 3,750 if the hard diary is completed, or free if the elite diary is completed).",https://oldschool.runescape.wiki/images/1/1b/Cryptic_clue_-_dig_resource_area.png
"Observing someone in a swamp, under the telescope lies treasure.",Dig by the telescope in the island where Broken Handz can be found (fairy ring code dlr).,https://oldschool.runescape.wiki/images/5/51/Cryptic_clue_-_dig_poison_waste_telescope.png
Reflection is the weakness for these eyes of evil.,"Kill a basilisk, which requires a mirror shield and 40 Slayer. Basilisk knights also count, requiring 60 Slayer and completion of The Fremennik Exiles.",https://oldschool.runescape.wiki/images/2/2c/Cryptic_clue_-_kill_basilisk.png
"Right on the blessed border, cursed by the evil ones. On the spot inaccessible by both; I will be waiting. The bugs' imminent possession holds the answer.",Dig right under the fairy ring located west of Filliman's grotto. The fairy ring code is bip. Players without access to fairy ring transport can use the shortcut to get to the island provided they have 50 Agility.,https://oldschool.runescape.wiki/images/c/cd/Cryptic_clue_-_salve_river_island.png
Scattered coins and gems fill the floor. The chest you seek is in the north east.,"Kill the King Black Dragon for a key (elite), and then open the closed chest in the north-east corner of the lair.",https://oldschool.runescape.wiki/images/f/fb/Cryptic_clue_-_coins_and_gems_fill_the_floor.png
See you in your dreams' said the vegetable man.,Speak to Dominic Onion at the Nightmare Zone teleport spot.,https://oldschool.runescape.wiki/images/d/d0/Cryptic_clue_-_talk_dominic_nmz.png
Show this to Sherlock,Sherlock can be found south of Seers' Village. Players will have to perform one of the Sherlock tasks in order to complete this challenge.,https://oldschool.runescape.wiki/images/4/48/Cryptic_clue_-_talk_sherlock.png
Speak to a Wyse man.,Talk to Wyson the gardener at Falador Park.,https://oldschool.runescape.wiki/images/7/70/Cryptic_clue_-_talk_to_wyse_man.png
Stop crying! Talk to the head.,"Talk to the Head mourner in the Mourner Headquarters in West Ardougne. Starting Mourning's End Part I is required. Bring mourner gear, unless the player has a slayer ring, in which they can teleport to dark beasts and head east towards the headquarters.",https://oldschool.runescape.wiki/images/6/69/Cryptic_clue_-_talk_to_the_head.png
"Surround my bones in fire, ontop the wooden pyre. Finally lay me to rest, before my one last test.","Kill a confused barbarian or lost barbarian within the Ancient Cavern to receive mangled bones. Construct a pyre ship and burn the bones onto the pyre with logs, a tinderbox, and an axe. Kill the ferocious barbarian spirit that spawns to receive the next clue.",https://oldschool.runescape.wiki/images/7/7b/Cryptic_clue_-_burn_pyre_logs.png
"The beasts retreat, for their Queen is gone; the song of this town still plays on. Dig near the birthplace of a blade, be careful not to melt your spade.",(Requires full completion of the Swan Song quest. There is no need to accept the reward though!) Dig in front of the small furnace in the Piscatoris Fishing Colony.,https://oldschool.runescape.wiki/images/7/7d/Cryptic_clue_-_dig_piscatoris_colony.png
Three rule below and three sit at top. Come dig at my entrance.,Dig in front of the entrance to the Waterbirth Island Dungeon.,https://oldschool.runescape.wiki/images/c/c9/Cryptic_clue_-_Three_rule_below.png
"Varrock is where I reside, not the land of the dead, but I am so old, I should be there instead. Let's hope your reward is as good as it says, just 1 gold one and you can have it read.","Talk to Gypsy Aris, west of Varrock Square.",https://oldschool.runescape.wiki/images/b/bc/Cryptic_clue_-_speak_to_Gypsy_Aris.png
"With a name like that, you'd expect a little more than just a few scimitars.",Speak to Daga on Ape Atoll.,https://oldschool.runescape.wiki/images/2/2a/Cryptic_clue_-_speak_to_daga.png
W marks the spot.,"Dig in the middle of the Warriors' Guild entrance hall. To enter, a player must have their Attack and Strength levels add up to a total of 130 or have either one equal to 99.",https://oldschool.runescape.wiki/images/5/5a/Cryptic_clue_-_w_marks_the_spot.png
You'll get licked.,Kill a bloodveld. Mutated variants do work.,https://oldschool.runescape.wiki/images/c/c1/Cryptic_clue_-_kill_bloodveld.png
You'll have to plug your nose if you use this source of herbs.,Kill an aberrant spectre or deviant spectre and pick up the clue or casket that it drops.,https://oldschool.runescape.wiki/images/a/a4/Cryptic_clue_-_kill_aberrant_spectre.png
You might have to turn over a few stones to progress.,Kill a rock crab and pick up the casket or clue that it drops.,https://oldschool.runescape.wiki/images/1/1d/Cryptic_clue_-_kill_a_rock_crab.png
You must be 100 to play with me.,Speak to the Veteran boat squire at Pest Control.,https://oldschool.runescape.wiki/images/e/ef/Cryptic_clue_-_speak_squire_pest_control.png
You were 3 and I was the 6th. Come speak to me.,Speak to Vannaka in Edgeville Dungeon.,https://oldschool.runescape.wiki/images/2/2d/Cryptic_clue_-_speak_to_Vannaka.png
You will have to fly high where a sword cannot help you.,Kill an aviansie.,https://oldschool.runescape.wiki/images/b/b3/Cryptic_clue_-_kill_aviansie.png
2 musical birds. Dig in front of the spinning light.,Dig in front of the spinning light in Ping and Pong's room inside the Iceberg. A clockwork suit is required to enter the iceberg.,https://oldschool.runescape.wiki/images/c/ca/Cryptic_clue_-_dig_ping_and_pong%27s_room.png
"A chisel and hammer reside in his home, strange for one of magic. Impress him with your magical equipment.",Wizard Cromperty at the north-east corner of East Ardougne. Speak to him while wearing equipment adding up to at least +100 in magical attack bonus.,https://oldschool.runescape.wiki/images/f/f1/Cryptic_clue_-_speak_to_wizard_cromperty.png
"A dwarf, approaching death, but very much in the light.",Thorgel at the entrance to the Death altar. Requires partial completion of Mourning's End Part II.,https://oldschool.runescape.wiki/images/9/92/Cryptic_clue_-_a_dwarf_approaching_death.png
A massive battle rages beneath so be careful when you dig by the large broken crossbow.,"North-east of the God Wars Dungeon entrance, climb the rocky handholds and dig by the large crossbow.",https://oldschool.runescape.wiki/images/3/39/Cryptic_clue_-_dig_by_the_large_broken_crossbow.png
Anger Abbot Langley.,Speak to Abbot Langley while you have a negative prayer bonus (currently only possible with an Ancient staff).,https://oldschool.runescape.wiki/images/c/cf/Cryptic_clue_-_anger_Abbot_Langley.png
Anger those who adhere to Saradomin's edicts to prevent travel.,"Port Sarim docks, try to charter a ship to Entrana with armour or weapons equipped.",https://oldschool.runescape.wiki/images/d/dc/Cryptic_clue_-_entrana_monks_port_sarim.png
"Buried beneath the ground, who knows where it's found.Lucky for you, A man called Jorral may have a clue.","Speak to Jorral to receive a strange device, which works similarly to the enchanted key (must have Making History quest completed).",https://oldschool.runescape.wiki/images/0/07/Cryptic_clue_-_speak_to_Jorral.png
"Come brave adventurer, your sense is on fire. If you talk to me, it's an old god you desire.","Speak to Viggora. Note that he can be found (is visible) in 3 locations, but you can only speak to (and continue the clue) the version of him that you spoke to during Curse of the Empty Lord miniquest. You can check your quest log to find out which location.Paddewwa, Edgeville Dungeon, near the earth warriors.
2nd floor[US] of the Rogues' Castle in the deep Wilderness.
2nd floor[US] of the Canifis Slayer Tower, just before the Infernal Mage.
A ring of visibility and ghostspeak amulet are required to make progress through the clue.",https://oldschool.runescape.wiki/images/2/27/Cryptic_clue_-_talk_to_Viggora.png
"Darkness wanders around me, but fills my mind with knowledge.",Speak to Biblia on the Arceuus Library's top floor.,https://oldschool.runescape.wiki/images/e/e4/Cryptic_clue_-_talk_to_biblia.png
Dig in front of the icy arena where 1 of 4 was fought.,"Where you fought Kamil from Desert Treasure, dig north east of the first small rock just past the wolves.",https://oldschool.runescape.wiki/images/8/89/Cryptic_clue_-_dig_icy_path.png
"Faint sounds of 'Arr', fire giants found deep, the eastern tip of a lake, are the rewards you could reap.",Dig south of the pillar at the end of the Deep Wilderness Dungeon.,https://oldschool.runescape.wiki/images/6/6b/Cryptic_clue_-_dig_deep_wilderness_dungeon_end.png
Falo the bard wants to see you.,"Speak to Falo the Bard, who is located on the road to the Fremennik Province.",https://oldschool.runescape.wiki/images/9/93/Cryptic_clue_-_talk_to_falo.png
Elvish onions.,Dig in the onion patch east of the allotment patches in Prifddinas. Requires completion of Song of the Elves.,https://oldschool.runescape.wiki/images/7/7e/Cryptic_clue_-_elvish_onion.png
Fiendish cooks probably wont dig the dirty dishes.,Dig by the fire in the Rogues' Den.,https://oldschool.runescape.wiki/images/0/0c/Cryptic_clue_-_dig_rogues%27_den_fire.png
Ghommal wishes to be impressed by how strong your equipment is.,"Speak to Ghommal with a total Melee Strength bonus of over 100. (Note: Amulet of strength gives +10, even better than a fury for this clue. A Godsword on its own is over 100 Strength bonus.)",https://oldschool.runescape.wiki/images/f/fd/Cryptic_clue_-_talk_ghommal_warrior%27s_guild.png
"Great demons, dragons, and spiders protect this blue rock, beneath which, you may find what you seek.",Dig by the runite rock in the Lava Maze Dungeon.,https://oldschool.runescape.wiki/images/f/f1/Cryptic_clue_-_dig_lava_maze_dungeon.png
"Guthix left his mark in a fiery lake, dig at the tip of it.","Dig at the tip of the lava lake that is shaped like a Guthixian symbol, west of the Mage Arena.",https://oldschool.runescape.wiki/images/c/c8/Cryptic_clue_-_dig_guthix_lava_lake.png
"Here, there are tears, but nobody is crying. Speak to the guardian and show off your alignment to balance.",Talk to Juna while wearing three Guthix-affiliated items. All Void Knight equipment is Guthix-affiliated.,https://oldschool.runescape.wiki/images/f/f2/Cryptic_clue_-_speak_to_Juna.png
Hopefully this set of armour will help you to keep surviving.,Speak to Sir Vyvin while wearing white platebody and white platelegs (white full helm is not needed).,https://oldschool.runescape.wiki/images/3/32/Cryptic_clue_-_speak_to_Sir_Vyvin.png
"If you're feeling brave, dig beneath the dragon's eye.","Dig below the mossy rock under the Viyeldi caves. Requires progress or completion of Legends' Quest. Items needed: Pickaxe, unpowered orb, lockpick (multiple recommended), a spade, and any Charge Orb spell. A bravery potion and rope are also required if the quest is not completed (You also need any Axe and a Machete to get through the jungle).",https://oldschool.runescape.wiki/images/4/49/Cryptic_clue_-_dig_dragon%27s_eye.png
I lie beneath the first descent to the holy encampment.,Dig immediately after climbing down the first set of rocks towards Saradomin's Encampment within the God Wars Dungeon. Two ropes are needed; one to enter the dungeon and another to enter Saradomin's Encampment (not required if you've used once before already). 70 Agility is also required (cannot be boosted).,https://oldschool.runescape.wiki/images/3/33/Cryptic_clue_-_dig_sara_gwd.png
"Kill the spiritual, magic and godly whilst representing their own god",Kill a spiritual mage in the God Wars Dungeon - 83 Slayer requirement.Be sure to wear armour corresponding to their god.,https://oldschool.runescape.wiki/images/5/51/Cryptic_clue_-_kill_spiritual_mage_gwd.png
"My life was spared but these voices remain, now guarding these iron gates is my bane.",Speak to the Key Master in Cerberus' Lair.,https://oldschool.runescape.wiki/images/9/9c/Cryptic_clue_-_talk_to_key_master.png
"One of several rhyming brothers, in business attire with an obsession for paper work.","Speak to Piles in the Resource Area. An entry fee of 7,500 coins is required (6,000 if the medium Wilderness Diary is completed, 3,750 if the hard diary is completed, or free if the elite diary is completed).",https://oldschool.runescape.wiki/images/0/02/Cryptic_clue_-_talk_to_piles.png
"Pentagrams and demons, burnt bones and remains, I wonder what the blood contains.",Dig under the blood rune spawn next to the Demonic Ruins.,https://oldschool.runescape.wiki/images/f/f5/Cryptic_clue_-_dig_blood_rune_spawn.png
Robin wishes to see your finest ranged equipment.,Robin at the inn in Port Phasmatys. Speak to him while wearing equipment adding up to 182 ranged attack bonus or over (toxic blowpipes cannot be used for this clue.,https://oldschool.runescape.wiki/images/7/7d/Cryptic_clue_-_speak_to_robin.png
"She's small but can build both literally and figuratively, as long as you have their favour",Speak to Lovada south of the Lovakengj blast mine.,https://oldschool.runescape.wiki/images/3/3c/Cryptic_clue_-_talk_to_lovada.png
Shhhh!,Speak to Logosia in the Arceuus Library's ground floor.,https://oldschool.runescape.wiki/images/8/8f/Cryptic_clue_-_talk_to_logosia.png
Show this to Sherlock.,Sherlock can be found south of Seers' Village. Players will have to perform one of the Sherlock tasks in order to complete this challenge.,https://oldschool.runescape.wiki/images/4/48/Cryptic_clue_-_talk_sherlock.png
"South of a river in a town surrounded by the undead, what lies beneath the furnace?",Dig in front of the Shilo Village furnace.,https://oldschool.runescape.wiki/images/d/d0/Cryptic_clue_-_dig_shilo_furnace.png
"The far north eastern corner where 1 of 4 was defeated, the shadows still linger.",Dig on the northeastern-most corner of the Shadow Dungeon. Bring a ring of visibility.,https://oldschool.runescape.wiki/images/a/a1/Cryptic_clue_-_dig_shadow_dungeon.png
This place sure is a mess.,Ewesey is located in the Hosidius mess hall.,https://oldschool.runescape.wiki/images/a/a0/Cryptic_clue_-_talk_ewesey.png
Under a giant robotic bird that cannot fly.,Dig next to the terrorbird display in the south exhibit of Varrock Museum's basement.,https://oldschool.runescape.wiki/images/0/0a/Cryptic_clue_-_under_a_giant_robotic_bird.png
"Where safe to speak, the man who offers the pouch of smallest size wishes to see your alignment.",Speak to the Mage of Zamorak in the Zamorakian chapel south of Aubury's Rune Shop in East Varrock while wearing three items aligned to Zamorak.,https://oldschool.runescape.wiki/images/1/1a/Cryptic_clue_-_speak_to_Mage_of_Zamorak.png